timestamp,price_balancing_energy_positive,price_balancing_energy_negative
1613343600,0.15,0.15
1613344500,0.15,0.15
1613345400,0.15,0.15
1613346300,0.15,0.15
1613347200,0.15,0.15
1613348100,0.15,0.15
1613349000,0.15,0.15
1613349900,0.15,0.15
1613350800,0.15,0.15
1613351700,0.15,0.15
1613352600,0.15,0.15
1613353500,0.15,0.15
1613354400,0.15,0.15
1613355300,0.15,0.15
1613356200,0.15,0.15
1613357100,0.15,0.15
1613358000,0.15,0.15
1613358900,0.15,0.15
1613359800,0.15,0.15
1613360700,0.15,0.15
1613361600,0.15,0.15
1613362500,0.15,0.15
1613363400,0.15,0.15
1613364300,0.15,0.15
1613365200,0.15,0.15
1613366100,0.15,0.15
1613367000,0.15,0.15
1613367900,0.15,0.15
1613368800,0.15,0.15
1613369700,0.15,0.15
1613370600,0.15,0.15
1613371500,0.15,0.15
1613372400,0.15,0.15
1613373300,0.15,0.15
1613374200,0.15,0.15
1613375100,0.15,0.15
1613376000,0.15,0.15
1613376900,0.15,0.15
1613377800,0.15,0.15
1613378700,0.15,0.15
1613379600,0.15,0.15
1613380500,0.15,0.15
1613381400,0.15,0.15
1613382300,0.15,0.15
1613383200,0.15,0.15
1613384100,0.15,0.15
1613385000,0.15,0.15
1613385900,0.15,0.15
1613386800,0.15,0.15
1613387700,0.15,0.15
1613388600,0.15,0.15
1613389500,0.15,0.15
1613390400,0.15,0.15
1613391300,0.15,0.15
1613392200,0.15,0.15
1613393100,0.15,0.15
1613394000,0.15,0.15
1613394900,0.15,0.15
1613395800,0.15,0.15
1613396700,0.15,0.15
1613397600,0.15,0.15
1613398500,0.15,0.15
1613399400,0.15,0.15
1613400300,0.15,0.15
1613401200,0.15,0.15
1613402100,0.15,0.15
1613403000,0.15,0.15
1613403900,0.15,0.15
1613404800,0.15,0.15
1613405700,0.15,0.15
1613406600,0.15,0.15
1613407500,0.15,0.15
1613408400,0.15,0.15
1613409300,0.15,0.15
1613410200,0.15,0.15
1613411100,0.15,0.15
1613412000,0.15,0.15
1613412900,0.15,0.15
1613413800,0.15,0.15
1613414700,0.15,0.15
1613415600,0.15,0.15
1613416500,0.15,0.15
1613417400,0.15,0.15
1613418300,0.15,0.15
1613419200,0.15,0.15
1613420100,0.15,0.15
1613421000,0.15,0.15
1613421900,0.15,0.15
1613422800,0.15,0.15
1613423700,0.15,0.15
1613424600,0.15,0.15
1613425500,0.15,0.15
1613426400,0.15,0.15
1613427300,0.15,0.15
1613428200,0.15,0.15
1613429100,0.15,0.15
1613430000,0.15,0.15
1613430900,0.15,0.15
1613431800,0.15,0.15
1613432700,0.15,0.15
1613433600,0.15,0.15
1613434500,0.15,0.15
1613435400,0.15,0.15
1613436300,0.15,0.15
1613437200,0.15,0.15
1613438100,0.15,0.15
1613439000,0.15,0.15
1613439900,0.15,0.15
1613440800,0.15,0.15
1613441700,0.15,0.15
1613442600,0.15,0.15
1613443500,0.15,0.15
1613444400,0.15,0.15
1613445300,0.15,0.15
1613446200,0.15,0.15
1613447100,0.15,0.15
1613448000,0.15,0.15
1613448900,0.15,0.15
1613449800,0.15,0.15
1613450700,0.15,0.15
1613451600,0.15,0.15
1613452500,0.15,0.15
1613453400,0.15,0.15
1613454300,0.15,0.15
1613455200,0.15,0.15
1613456100,0.15,0.15
1613457000,0.15,0.15
1613457900,0.15,0.15
1613458800,0.15,0.15
1613459700,0.15,0.15
1613460600,0.15,0.15
1613461500,0.15,0.15
1613462400,0.15,0.15
1613463300,0.15,0.15
1613464200,0.15,0.15
1613465100,0.15,0.15
1613466000,0.15,0.15
1613466900,0.15,0.15
1613467800,0.15,0.15
1613468700,0.15,0.15
1613469600,0.15,0.15
1613470500,0.15,0.15
1613471400,0.15,0.15
1613472300,0.15,0.15
1613473200,0.15,0.15
1613474100,0.15,0.15
1613475000,0.15,0.15
1613475900,0.15,0.15
1613476800,0.15,0.15
1613477700,0.15,0.15
1613478600,0.15,0.15
1613479500,0.15,0.15
1613480400,0.15,0.15
1613481300,0.15,0.15
1613482200,0.15,0.15
1613483100,0.15,0.15
1613484000,0.15,0.15
1613484900,0.15,0.15
1613485800,0.15,0.15
1613486700,0.15,0.15
1613487600,0.15,0.15
1613488500,0.15,0.15
1613489400,0.15,0.15
1613490300,0.15,0.15
1613491200,0.15,0.15
1613492100,0.15,0.15
1613493000,0.15,0.15
1613493900,0.15,0.15
1613494800,0.15,0.15
1613495700,0.15,0.15
1613496600,0.15,0.15
1613497500,0.15,0.15
1613498400,0.15,0.15
1613499300,0.15,0.15
1613500200,0.15,0.15
1613501100,0.15,0.15
1613502000,0.15,0.15
1613502900,0.15,0.15
1613503800,0.15,0.15
1613504700,0.15,0.15
1613505600,0.15,0.15
1613506500,0.15,0.15
1613507400,0.15,0.15
1613508300,0.15,0.15
1613509200,0.15,0.15
1613510100,0.15,0.15
1613511000,0.15,0.15
1613511900,0.15,0.15
1613512800,0.15,0.15
1613513700,0.15,0.15
1613514600,0.15,0.15
1613515500,0.15,0.15
1613516400,0.15,0.15
1613517300,0.15,0.15
1613518200,0.15,0.15
1613519100,0.15,0.15
1613520000,0.15,0.15
1613520900,0.15,0.15
1613521800,0.15,0.15
1613522700,0.15,0.15
1613523600,0.15,0.15
1613524500,0.15,0.15
1613525400,0.15,0.15
1613526300,0.15,0.15
1613527200,0.15,0.15
1613528100,0.15,0.15
1613529000,0.15,0.15
1613529900,0.15,0.15
1613530800,0.15,0.15
1613531700,0.15,0.15
1613532600,0.15,0.15
1613533500,0.15,0.15
1613534400,0.15,0.15
1613535300,0.15,0.15
1613536200,0.15,0.15
1613537100,0.15,0.15
1613538000,0.15,0.15
1613538900,0.15,0.15
1613539800,0.15,0.15
1613540700,0.15,0.15
1613541600,0.15,0.15
1613542500,0.15,0.15
1613543400,0.15,0.15
1613544300,0.15,0.15
1613545200,0.15,0.15
1613546100,0.15,0.15
1613547000,0.15,0.15
1613547900,0.15,0.15
1613548800,0.15,0.15
1613549700,0.15,0.15
1613550600,0.15,0.15
1613551500,0.15,0.15
1613552400,0.15,0.15
1613553300,0.15,0.15
1613554200,0.15,0.15
1613555100,0.15,0.15
1613556000,0.15,0.15
1613556900,0.15,0.15
1613557800,0.15,0.15
1613558700,0.15,0.15
1613559600,0.15,0.15
1613560500,0.15,0.15
1613561400,0.15,0.15
1613562300,0.15,0.15
1613563200,0.15,0.15
1613564100,0.15,0.15
1613565000,0.15,0.15
1613565900,0.15,0.15
1613566800,0.15,0.15
1613567700,0.15,0.15
1613568600,0.15,0.15
1613569500,0.15,0.15
1613570400,0.15,0.15
1613571300,0.15,0.15
1613572200,0.15,0.15
1613573100,0.15,0.15
1613574000,0.15,0.15
1613574900,0.15,0.15
1613575800,0.15,0.15
1613576700,0.15,0.15
1613577600,0.15,0.15
1613578500,0.15,0.15
1613579400,0.15,0.15
1613580300,0.15,0.15
1613581200,0.15,0.15
1613582100,0.15,0.15
1613583000,0.15,0.15
1613583900,0.15,0.15
1613584800,0.15,0.15
1613585700,0.15,0.15
1613586600,0.15,0.15
1613587500,0.15,0.15
1613588400,0.15,0.15
1613589300,0.15,0.15
1613590200,0.15,0.15
1613591100,0.15,0.15
1613592000,0.15,0.15
1613592900,0.15,0.15
1613593800,0.15,0.15
1613594700,0.15,0.15
1613595600,0.15,0.15
1613596500,0.15,0.15
1613597400,0.15,0.15
1613598300,0.15,0.15
1613599200,0.15,0.15
1613600100,0.15,0.15
1613601000,0.15,0.15
1613601900,0.15,0.15
1613602800,0.15,0.15
1613603700,0.15,0.15
1613604600,0.15,0.15
1613605500,0.15,0.15
1613606400,0.15,0.15
1613607300,0.15,0.15
1613608200,0.15,0.15
1613609100,0.15,0.15
1613610000,0.15,0.15
1613610900,0.15,0.15
1613611800,0.15,0.15
1613612700,0.15,0.15
1613613600,0.15,0.15
1613614500,0.15,0.15
1613615400,0.15,0.15
1613616300,0.15,0.15
1613617200,0.15,0.15
1613618100,0.15,0.15
1613619000,0.15,0.15
1613619900,0.15,0.15
1613620800,0.15,0.15
1613621700,0.15,0.15
1613622600,0.15,0.15
1613623500,0.15,0.15
1613624400,0.15,0.15
1613625300,0.15,0.15
1613626200,0.15,0.15
1613627100,0.15,0.15
1613628000,0.15,0.15
1613628900,0.15,0.15
1613629800,0.15,0.15
1613630700,0.15,0.15
1613631600,0.15,0.15
1613632500,0.15,0.15
1613633400,0.15,0.15
1613634300,0.15,0.15
1613635200,0.15,0.15
1613636100,0.15,0.15
1613637000,0.15,0.15
1613637900,0.15,0.15
1613638800,0.15,0.15
1613639700,0.15,0.15
1613640600,0.15,0.15
1613641500,0.15,0.15
1613642400,0.15,0.15
1613643300,0.15,0.15
1613644200,0.15,0.15
1613645100,0.15,0.15
1613646000,0.15,0.15
1613646900,0.15,0.15
1613647800,0.15,0.15
1613648700,0.15,0.15
1613649600,0.15,0.15
1613650500,0.15,0.15
1613651400,0.15,0.15
1613652300,0.15,0.15
1613653200,0.15,0.15
1613654100,0.15,0.15
1613655000,0.15,0.15
1613655900,0.15,0.15
1613656800,0.15,0.15
1613657700,0.15,0.15
1613658600,0.15,0.15
1613659500,0.15,0.15
1613660400,0.15,0.15
1613661300,0.15,0.15
1613662200,0.15,0.15
1613663100,0.15,0.15
1613664000,0.15,0.15
1613664900,0.15,0.15
1613665800,0.15,0.15
1613666700,0.15,0.15
1613667600,0.15,0.15
1613668500,0.15,0.15
1613669400,0.15,0.15
1613670300,0.15,0.15
1613671200,0.15,0.15
1613672100,0.15,0.15
1613673000,0.15,0.15
1613673900,0.15,0.15
1613674800,0.15,0.15
1613675700,0.15,0.15
1613676600,0.15,0.15
1613677500,0.15,0.15
1613678400,0.15,0.15
1613679300,0.15,0.15
1613680200,0.15,0.15
1613681100,0.15,0.15
1613682000,0.15,0.15
1613682900,0.15,0.15
1613683800,0.15,0.15
1613684700,0.15,0.15
1613685600,0.15,0.15
1613686500,0.15,0.15
1613687400,0.15,0.15
1613688300,0.15,0.15
1613689200,0.15,0.15
1613690100,0.15,0.15
1613691000,0.15,0.15
1613691900,0.15,0.15
1613692800,0.15,0.15
1613693700,0.15,0.15
1613694600,0.15,0.15
1613695500,0.15,0.15
1613696400,0.15,0.15
1613697300,0.15,0.15
1613698200,0.15,0.15
1613699100,0.15,0.15
1613700000,0.15,0.15
1613700900,0.15,0.15
1613701800,0.15,0.15
1613702700,0.15,0.15
1613703600,0.15,0.15
1613704500,0.15,0.15
1613705400,0.15,0.15
1613706300,0.15,0.15
1613707200,0.15,0.15
1613708100,0.15,0.15
1613709000,0.15,0.15
1613709900,0.15,0.15
1613710800,0.15,0.15
1613711700,0.15,0.15
1613712600,0.15,0.15
1613713500,0.15,0.15
1613714400,0.15,0.15
1613715300,0.15,0.15
1613716200,0.15,0.15
1613717100,0.15,0.15
1613718000,0.15,0.15
1613718900,0.15,0.15
1613719800,0.15,0.15
1613720700,0.15,0.15
1613721600,0.15,0.15
1613722500,0.15,0.15
1613723400,0.15,0.15
1613724300,0.15,0.15
1613725200,0.15,0.15
1613726100,0.15,0.15
1613727000,0.15,0.15
1613727900,0.15,0.15
1613728800,0.15,0.15
1613729700,0.15,0.15
1613730600,0.15,0.15
1613731500,0.15,0.15
1613732400,0.15,0.15
1613733300,0.15,0.15
1613734200,0.15,0.15
1613735100,0.15,0.15
1613736000,0.15,0.15
1613736900,0.15,0.15
1613737800,0.15,0.15
1613738700,0.15,0.15
1613739600,0.15,0.15
1613740500,0.15,0.15
1613741400,0.15,0.15
1613742300,0.15,0.15
1613743200,0.15,0.15
1613744100,0.15,0.15
1613745000,0.15,0.15
1613745900,0.15,0.15
1613746800,0.15,0.15
1613747700,0.15,0.15
1613748600,0.15,0.15
1613749500,0.15,0.15
1613750400,0.15,0.15
1613751300,0.15,0.15
1613752200,0.15,0.15
1613753100,0.15,0.15
1613754000,0.15,0.15
1613754900,0.15,0.15
1613755800,0.15,0.15
1613756700,0.15,0.15
1613757600,0.15,0.15
1613758500,0.15,0.15
1613759400,0.15,0.15
1613760300,0.15,0.15
1613761200,0.15,0.15
1613762100,0.15,0.15
1613763000,0.15,0.15
1613763900,0.15,0.15
1613764800,0.15,0.15
1613765700,0.15,0.15
1613766600,0.15,0.15
1613767500,0.15,0.15
1613768400,0.15,0.15
1613769300,0.15,0.15
1613770200,0.15,0.15
1613771100,0.15,0.15
1613772000,0.15,0.15
1613772900,0.15,0.15
1613773800,0.15,0.15
1613774700,0.15,0.15
1613775600,0.15,0.15
1613776500,0.15,0.15
1613777400,0.15,0.15
1613778300,0.15,0.15
1613779200,0.15,0.15
1613780100,0.15,0.15
1613781000,0.15,0.15
1613781900,0.15,0.15
1613782800,0.15,0.15
1613783700,0.15,0.15
1613784600,0.15,0.15
1613785500,0.15,0.15
1613786400,0.15,0.15
1613787300,0.15,0.15
1613788200,0.15,0.15
1613789100,0.15,0.15
1613790000,0.15,0.15
1613790900,0.15,0.15
1613791800,0.15,0.15
1613792700,0.15,0.15
1613793600,0.15,0.15
1613794500,0.15,0.15
1613795400,0.15,0.15
1613796300,0.15,0.15
1613797200,0.15,0.15
1613798100,0.15,0.15
1613799000,0.15,0.15
1613799900,0.15,0.15
1613800800,0.15,0.15
1613801700,0.15,0.15
1613802600,0.15,0.15
1613803500,0.15,0.15
1613804400,0.15,0.15
1613805300,0.15,0.15
1613806200,0.15,0.15
1613807100,0.15,0.15
1613808000,0.15,0.15
1613808900,0.15,0.15
1613809800,0.15,0.15
1613810700,0.15,0.15
1613811600,0.15,0.15
1613812500,0.15,0.15
1613813400,0.15,0.15
1613814300,0.15,0.15
1613815200,0.15,0.15
1613816100,0.15,0.15
1613817000,0.15,0.15
1613817900,0.15,0.15
1613818800,0.15,0.15
1613819700,0.15,0.15
1613820600,0.15,0.15
1613821500,0.15,0.15
1613822400,0.15,0.15
1613823300,0.15,0.15
1613824200,0.15,0.15
1613825100,0.15,0.15
1613826000,0.15,0.15
1613826900,0.15,0.15
1613827800,0.15,0.15
1613828700,0.15,0.15
1613829600,0.15,0.15
1613830500,0.15,0.15
1613831400,0.15,0.15
1613832300,0.15,0.15
1613833200,0.15,0.15
1613834100,0.15,0.15
1613835000,0.15,0.15
1613835900,0.15,0.15
1613836800,0.15,0.15
1613837700,0.15,0.15
1613838600,0.15,0.15
1613839500,0.15,0.15
1613840400,0.15,0.15
1613841300,0.15,0.15
1613842200,0.15,0.15
1613843100,0.15,0.15
1613844000,0.15,0.15
1613844900,0.15,0.15
1613845800,0.15,0.15
1613846700,0.15,0.15
1613847600,0.15,0.15
1613848500,0.15,0.15
1613849400,0.15,0.15
1613850300,0.15,0.15
1613851200,0.15,0.15
1613852100,0.15,0.15
1613853000,0.15,0.15
1613853900,0.15,0.15
1613854800,0.15,0.15
1613855700,0.15,0.15
1613856600,0.15,0.15
1613857500,0.15,0.15
1613858400,0.15,0.15
1613859300,0.15,0.15
1613860200,0.15,0.15
1613861100,0.15,0.15
1613862000,0.15,0.15
1613862900,0.15,0.15
1613863800,0.15,0.15
1613864700,0.15,0.15
1613865600,0.15,0.15
1613866500,0.15,0.15
1613867400,0.15,0.15
1613868300,0.15,0.15
1613869200,0.15,0.15
1613870100,0.15,0.15
1613871000,0.15,0.15
1613871900,0.15,0.15
1613872800,0.15,0.15
1613873700,0.15,0.15
1613874600,0.15,0.15
1613875500,0.15,0.15
1613876400,0.15,0.15
1613877300,0.15,0.15
1613878200,0.15,0.15
1613879100,0.15,0.15
1613880000,0.15,0.15
1613880900,0.15,0.15
1613881800,0.15,0.15
1613882700,0.15,0.15
1613883600,0.15,0.15
1613884500,0.15,0.15
1613885400,0.15,0.15
1613886300,0.15,0.15
1613887200,0.15,0.15
1613888100,0.15,0.15
1613889000,0.15,0.15
1613889900,0.15,0.15
1613890800,0.15,0.15
1613891700,0.15,0.15
1613892600,0.15,0.15
1613893500,0.15,0.15
1613894400,0.15,0.15
1613895300,0.15,0.15
1613896200,0.15,0.15
1613897100,0.15,0.15
1613898000,0.15,0.15
1613898900,0.15,0.15
1613899800,0.15,0.15
1613900700,0.15,0.15
1613901600,0.15,0.15
1613902500,0.15,0.15
1613903400,0.15,0.15
1613904300,0.15,0.15
1613905200,0.15,0.15
1613906100,0.15,0.15
1613907000,0.15,0.15
1613907900,0.15,0.15
1613908800,0.15,0.15
1613909700,0.15,0.15
1613910600,0.15,0.15
1613911500,0.15,0.15
1613912400,0.15,0.15
1613913300,0.15,0.15
1613914200,0.15,0.15
1613915100,0.15,0.15
1613916000,0.15,0.15
1613916900,0.15,0.15
1613917800,0.15,0.15
1613918700,0.15,0.15
1613919600,0.15,0.15
1613920500,0.15,0.15
1613921400,0.15,0.15
1613922300,0.15,0.15
1613923200,0.15,0.15
1613924100,0.15,0.15
1613925000,0.15,0.15
1613925900,0.15,0.15
1613926800,0.15,0.15
1613927700,0.15,0.15
1613928600,0.15,0.15
1613929500,0.15,0.15
1613930400,0.15,0.15
1613931300,0.15,0.15
1613932200,0.15,0.15
1613933100,0.15,0.15
1613934000,0.15,0.15
1613934900,0.15,0.15
1613935800,0.15,0.15
1613936700,0.15,0.15
1613937600,0.15,0.15
1613938500,0.15,0.15
1613939400,0.15,0.15
1613940300,0.15,0.15
1613941200,0.15,0.15
1613942100,0.15,0.15
1613943000,0.15,0.15
1613943900,0.15,0.15
1613944800,0.15,0.15
1613945700,0.15,0.15
1613946600,0.15,0.15
1613947500,0.15,0.15
1613948400,0.15,0.15
1613949300,0.15,0.15
1613950200,0.15,0.15
1613951100,0.15,0.15
1613952000,0.15,0.15
1613952900,0.15,0.15
1613953800,0.15,0.15
1613954700,0.15,0.15
1613955600,0.15,0.15
1613956500,0.15,0.15
1613957400,0.15,0.15
1613958300,0.15,0.15
1613959200,0.15,0.15
1613960100,0.15,0.15
1613961000,0.15,0.15
1613961900,0.15,0.15
1613962800,0.15,0.15
1613963700,0.15,0.15
1613964600,0.15,0.15
1613965500,0.15,0.15
1613966400,0.15,0.15
1613967300,0.15,0.15
1613968200,0.15,0.15
1613969100,0.15,0.15
1613970000,0.15,0.15
1613970900,0.15,0.15
1613971800,0.15,0.15
1613972700,0.15,0.15
1613973600,0.15,0.15
1613974500,0.15,0.15
1613975400,0.15,0.15
1613976300,0.15,0.15
1613977200,0.15,0.15
1613978100,0.15,0.15
1613979000,0.15,0.15
1613979900,0.15,0.15
1613980800,0.15,0.15
1613981700,0.15,0.15
1613982600,0.15,0.15
1613983500,0.15,0.15
1613984400,0.15,0.15
1613985300,0.15,0.15
1613986200,0.15,0.15
1613987100,0.15,0.15
1613988000,0.15,0.15
1613988900,0.15,0.15
1613989800,0.15,0.15
1613990700,0.15,0.15
1613991600,0.15,0.15
1613992500,0.15,0.15
1613993400,0.15,0.15
1613994300,0.15,0.15
1613995200,0.15,0.15
1613996100,0.15,0.15
1613997000,0.15,0.15
1613997900,0.15,0.15
1613998800,0.15,0.15
1613999700,0.15,0.15
1614000600,0.15,0.15
1614001500,0.15,0.15
1614002400,0.15,0.15
1614003300,0.15,0.15
1614004200,0.15,0.15
1614005100,0.15,0.15
1614006000,0.15,0.15
1614006900,0.15,0.15
1614007800,0.15,0.15
1614008700,0.15,0.15
1614009600,0.15,0.15
1614010500,0.15,0.15
1614011400,0.15,0.15
1614012300,0.15,0.15
1614013200,0.15,0.15
1614014100,0.15,0.15
1614015000,0.15,0.15
1614015900,0.15,0.15
1614016800,0.15,0.15
1614017700,0.15,0.15
1614018600,0.15,0.15
1614019500,0.15,0.15
1614020400,0.15,0.15
1614021300,0.15,0.15
1614022200,0.15,0.15
1614023100,0.15,0.15
1614024000,0.15,0.15
1614024900,0.15,0.15
1614025800,0.15,0.15
1614026700,0.15,0.15
1614027600,0.15,0.15
1614028500,0.15,0.15
1614029400,0.15,0.15
1614030300,0.15,0.15
1614031200,0.15,0.15
1614032100,0.15,0.15
1614033000,0.15,0.15
1614033900,0.15,0.15
1614034800,0.15,0.15
1614035700,0.15,0.15
1614036600,0.15,0.15
1614037500,0.15,0.15
1614038400,0.15,0.15
1614039300,0.15,0.15
1614040200,0.15,0.15
1614041100,0.15,0.15
1614042000,0.15,0.15
1614042900,0.15,0.15
1614043800,0.15,0.15
1614044700,0.15,0.15
1614045600,0.15,0.15
1614046500,0.15,0.15
1614047400,0.15,0.15
1614048300,0.15,0.15
1614049200,0.15,0.15
1614050100,0.15,0.15
1614051000,0.15,0.15
1614051900,0.15,0.15
1614052800,0.15,0.15
1614053700,0.15,0.15
1614054600,0.15,0.15
1614055500,0.15,0.15
1614056400,0.15,0.15
1614057300,0.15,0.15
1614058200,0.15,0.15
1614059100,0.15,0.15
1614060000,0.15,0.15
1614060900,0.15,0.15
1614061800,0.15,0.15
1614062700,0.15,0.15
1614063600,0.15,0.15
1614064500,0.15,0.15
1614065400,0.15,0.15
1614066300,0.15,0.15
1614067200,0.15,0.15
1614068100,0.15,0.15
1614069000,0.15,0.15
1614069900,0.15,0.15
1614070800,0.15,0.15
1614071700,0.15,0.15
1614072600,0.15,0.15
1614073500,0.15,0.15
1614074400,0.15,0.15
1614075300,0.15,0.15
1614076200,0.15,0.15
1614077100,0.15,0.15
1614078000,0.15,0.15
1614078900,0.15,0.15
1614079800,0.15,0.15
1614080700,0.15,0.15
1614081600,0.15,0.15
1614082500,0.15,0.15
1614083400,0.15,0.15
1614084300,0.15,0.15
1614085200,0.15,0.15
1614086100,0.15,0.15
1614087000,0.15,0.15
1614087900,0.15,0.15
1614088800,0.15,0.15
1614089700,0.15,0.15
1614090600,0.15,0.15
1614091500,0.15,0.15
1614092400,0.15,0.15
1614093300,0.15,0.15
1614094200,0.15,0.15
1614095100,0.15,0.15
1614096000,0.15,0.15
1614096900,0.15,0.15
1614097800,0.15,0.15
1614098700,0.15,0.15
1614099600,0.15,0.15
1614100500,0.15,0.15
1614101400,0.15,0.15
1614102300,0.15,0.15
1614103200,0.15,0.15
1614104100,0.15,0.15
1614105000,0.15,0.15
1614105900,0.15,0.15
1614106800,0.15,0.15
1614107700,0.15,0.15
1614108600,0.15,0.15
1614109500,0.15,0.15
1614110400,0.15,0.15
1614111300,0.15,0.15
1614112200,0.15,0.15
1614113100,0.15,0.15
1614114000,0.15,0.15
1614114900,0.15,0.15
1614115800,0.15,0.15
1614116700,0.15,0.15
1614117600,0.15,0.15
1614118500,0.15,0.15
1614119400,0.15,0.15
1614120300,0.15,0.15
1614121200,0.15,0.15
1614122100,0.15,0.15
1614123000,0.15,0.15
1614123900,0.15,0.15
1614124800,0.15,0.15
1614125700,0.15,0.15
1614126600,0.15,0.15
1614127500,0.15,0.15
1614128400,0.15,0.15
1614129300,0.15,0.15
1614130200,0.15,0.15
1614131100,0.15,0.15
1614132000,0.15,0.15
1614132900,0.15,0.15
1614133800,0.15,0.15
1614134700,0.15,0.15
1614135600,0.15,0.15
1614136500,0.15,0.15
1614137400,0.15,0.15
1614138300,0.15,0.15
1614139200,0.15,0.15
1614140100,0.15,0.15
1614141000,0.15,0.15
1614141900,0.15,0.15
1614142800,0.15,0.15
1614143700,0.15,0.15
1614144600,0.15,0.15
1614145500,0.15,0.15
1614146400,0.15,0.15
1614147300,0.15,0.15
1614148200,0.15,0.15
1614149100,0.15,0.15
1614150000,0.15,0.15
1614150900,0.15,0.15
1614151800,0.15,0.15
1614152700,0.15,0.15
1614153600,0.15,0.15
1614154500,0.15,0.15
1614155400,0.15,0.15
1614156300,0.15,0.15
1614157200,0.15,0.15
1614158100,0.15,0.15
1614159000,0.15,0.15
1614159900,0.15,0.15
1614160800,0.15,0.15
1614161700,0.15,0.15
1614162600,0.15,0.15
1614163500,0.15,0.15
1614164400,0.15,0.15
1614165300,0.15,0.15
1614166200,0.15,0.15
1614167100,0.15,0.15
1614168000,0.15,0.15
1614168900,0.15,0.15
1614169800,0.15,0.15
1614170700,0.15,0.15
1614171600,0.15,0.15
1614172500,0.15,0.15
1614173400,0.15,0.15
1614174300,0.15,0.15
1614175200,0.15,0.15
1614176100,0.15,0.15
1614177000,0.15,0.15
1614177900,0.15,0.15
1614178800,0.15,0.15
1614179700,0.15,0.15
1614180600,0.15,0.15
1614181500,0.15,0.15
1614182400,0.15,0.15
1614183300,0.15,0.15
1614184200,0.15,0.15
1614185100,0.15,0.15
1614186000,0.15,0.15
1614186900,0.15,0.15
1614187800,0.15,0.15
1614188700,0.15,0.15
1614189600,0.15,0.15
1614190500,0.15,0.15
1614191400,0.15,0.15
1614192300,0.15,0.15
1614193200,0.15,0.15
1614194100,0.15,0.15
1614195000,0.15,0.15
1614195900,0.15,0.15
1614196800,0.15,0.15
1614197700,0.15,0.15
1614198600,0.15,0.15
1614199500,0.15,0.15
1614200400,0.15,0.15
1614201300,0.15,0.15
1614202200,0.15,0.15
1614203100,0.15,0.15
1614204000,0.15,0.15
1614204900,0.15,0.15
1614205800,0.15,0.15
1614206700,0.15,0.15
1614207600,0.15,0.15
1614208500,0.15,0.15
1614209400,0.15,0.15
1614210300,0.15,0.15
1614211200,0.15,0.15
1614212100,0.15,0.15
1614213000,0.15,0.15
1614213900,0.15,0.15
1614214800,0.15,0.15
1614215700,0.15,0.15
1614216600,0.15,0.15
1614217500,0.15,0.15
1614218400,0.15,0.15
1614219300,0.15,0.15
1614220200,0.15,0.15
1614221100,0.15,0.15
1614222000,0.15,0.15
1614222900,0.15,0.15
1614223800,0.15,0.15
1614224700,0.15,0.15
1614225600,0.15,0.15
1614226500,0.15,0.15
1614227400,0.15,0.15
1614228300,0.15,0.15
1614229200,0.15,0.15
1614230100,0.15,0.15
1614231000,0.15,0.15
1614231900,0.15,0.15
1614232800,0.15,0.15
1614233700,0.15,0.15
1614234600,0.15,0.15
1614235500,0.15,0.15
1614236400,0.15,0.15
1614237300,0.15,0.15
1614238200,0.15,0.15
1614239100,0.15,0.15
1614240000,0.15,0.15
1614240900,0.15,0.15
1614241800,0.15,0.15
1614242700,0.15,0.15
1614243600,0.15,0.15
1614244500,0.15,0.15
1614245400,0.15,0.15
1614246300,0.15,0.15
1614247200,0.15,0.15
1614248100,0.15,0.15
1614249000,0.15,0.15
1614249900,0.15,0.15
1614250800,0.15,0.15
1614251700,0.15,0.15
1614252600,0.15,0.15
1614253500,0.15,0.15
1614254400,0.15,0.15
1614255300,0.15,0.15
1614256200,0.15,0.15
1614257100,0.15,0.15
1614258000,0.15,0.15
1614258900,0.15,0.15
1614259800,0.15,0.15
1614260700,0.15,0.15
1614261600,0.15,0.15
1614262500,0.15,0.15
1614263400,0.15,0.15
1614264300,0.15,0.15
1614265200,0.15,0.15
1614266100,0.15,0.15
1614267000,0.15,0.15
1614267900,0.15,0.15
1614268800,0.15,0.15
1614269700,0.15,0.15
1614270600,0.15,0.15
1614271500,0.15,0.15
1614272400,0.15,0.15
1614273300,0.15,0.15
1614274200,0.15,0.15
1614275100,0.15,0.15
1614276000,0.15,0.15
1614276900,0.15,0.15
1614277800,0.15,0.15
1614278700,0.15,0.15
1614279600,0.15,0.15
1614280500,0.15,0.15
1614281400,0.15,0.15
1614282300,0.15,0.15
1614283200,0.15,0.15
1614284100,0.15,0.15
1614285000,0.15,0.15
1614285900,0.15,0.15
1614286800,0.15,0.15
1614287700,0.15,0.15
1614288600,0.15,0.15
1614289500,0.15,0.15
1614290400,0.15,0.15
1614291300,0.15,0.15
1614292200,0.15,0.15
1614293100,0.15,0.15
1614294000,0.15,0.15
1614294900,0.15,0.15
1614295800,0.15,0.15
1614296700,0.15,0.15
1614297600,0.15,0.15
1614298500,0.15,0.15
1614299400,0.15,0.15
1614300300,0.15,0.15
1614301200,0.15,0.15
1614302100,0.15,0.15
1614303000,0.15,0.15
1614303900,0.15,0.15
1614304800,0.15,0.15
1614305700,0.15,0.15
1614306600,0.15,0.15
1614307500,0.15,0.15
1614308400,0.15,0.15
1614309300,0.15,0.15
1614310200,0.15,0.15
1614311100,0.15,0.15
1614312000,0.15,0.15
1614312900,0.15,0.15
1614313800,0.15,0.15
1614314700,0.15,0.15
1614315600,0.15,0.15
1614316500,0.15,0.15
1614317400,0.15,0.15
1614318300,0.15,0.15
1614319200,0.15,0.15
1614320100,0.15,0.15
1614321000,0.15,0.15
1614321900,0.15,0.15
1614322800,0.15,0.15
1614323700,0.15,0.15
1614324600,0.15,0.15
1614325500,0.15,0.15
1614326400,0.15,0.15
1614327300,0.15,0.15
1614328200,0.15,0.15
1614329100,0.15,0.15
1614330000,0.15,0.15
1614330900,0.15,0.15
1614331800,0.15,0.15
1614332700,0.15,0.15
1614333600,0.15,0.15
1614334500,0.15,0.15
1614335400,0.15,0.15
1614336300,0.15,0.15
1614337200,0.15,0.15
1614338100,0.15,0.15
1614339000,0.15,0.15
1614339900,0.15,0.15
1614340800,0.15,0.15
1614341700,0.15,0.15
1614342600,0.15,0.15
1614343500,0.15,0.15
1614344400,0.15,0.15
1614345300,0.15,0.15
1614346200,0.15,0.15
1614347100,0.15,0.15
1614348000,0.15,0.15
1614348900,0.15,0.15
1614349800,0.15,0.15
1614350700,0.15,0.15
1614351600,0.15,0.15
1614352500,0.15,0.15
1614353400,0.15,0.15
1614354300,0.15,0.15
1614355200,0.15,0.15
1614356100,0.15,0.15
1614357000,0.15,0.15
1614357900,0.15,0.15
1614358800,0.15,0.15
1614359700,0.15,0.15
1614360600,0.15,0.15
1614361500,0.15,0.15
1614362400,0.15,0.15
1614363300,0.15,0.15
1614364200,0.15,0.15
1614365100,0.15,0.15
1614366000,0.15,0.15
1614366900,0.15,0.15
1614367800,0.15,0.15
1614368700,0.15,0.15
1614369600,0.15,0.15
1614370500,0.15,0.15
1614371400,0.15,0.15
1614372300,0.15,0.15
1614373200,0.15,0.15
1614374100,0.15,0.15
1614375000,0.15,0.15
1614375900,0.15,0.15
1614376800,0.15,0.15
1614377700,0.15,0.15
1614378600,0.15,0.15
1614379500,0.15,0.15
1614380400,0.15,0.15
1614381300,0.15,0.15
1614382200,0.15,0.15
1614383100,0.15,0.15
1614384000,0.15,0.15
1614384900,0.15,0.15
1614385800,0.15,0.15
1614386700,0.15,0.15
1614387600,0.15,0.15
1614388500,0.15,0.15
1614389400,0.15,0.15
1614390300,0.15,0.15
1614391200,0.15,0.15
1614392100,0.15,0.15
1614393000,0.15,0.15
1614393900,0.15,0.15
1614394800,0.15,0.15
1614395700,0.15,0.15
1614396600,0.15,0.15
1614397500,0.15,0.15
1614398400,0.15,0.15
1614399300,0.15,0.15
1614400200,0.15,0.15
1614401100,0.15,0.15
1614402000,0.15,0.15
1614402900,0.15,0.15
1614403800,0.15,0.15
1614404700,0.15,0.15
1614405600,0.15,0.15
1614406500,0.15,0.15
1614407400,0.15,0.15
1614408300,0.15,0.15
1614409200,0.15,0.15
1614410100,0.15,0.15
1614411000,0.15,0.15
1614411900,0.15,0.15
1614412800,0.15,0.15
1614413700,0.15,0.15
1614414600,0.15,0.15
1614415500,0.15,0.15
1614416400,0.15,0.15
1614417300,0.15,0.15
1614418200,0.15,0.15
1614419100,0.15,0.15
1614420000,0.15,0.15
1614420900,0.15,0.15
1614421800,0.15,0.15
1614422700,0.15,0.15
1614423600,0.15,0.15
1614424500,0.15,0.15
1614425400,0.15,0.15
1614426300,0.15,0.15
1614427200,0.15,0.15
1614428100,0.15,0.15
1614429000,0.15,0.15
1614429900,0.15,0.15
1614430800,0.15,0.15
1614431700,0.15,0.15
1614432600,0.15,0.15
1614433500,0.15,0.15
1614434400,0.15,0.15
1614435300,0.15,0.15
1614436200,0.15,0.15
1614437100,0.15,0.15
1614438000,0.15,0.15
1614438900,0.15,0.15
1614439800,0.15,0.15
1614440700,0.15,0.15
1614441600,0.15,0.15
1614442500,0.15,0.15
1614443400,0.15,0.15
1614444300,0.15,0.15
1614445200,0.15,0.15
1614446100,0.15,0.15
1614447000,0.15,0.15
1614447900,0.15,0.15
1614448800,0.15,0.15
1614449700,0.15,0.15
1614450600,0.15,0.15
1614451500,0.15,0.15
1614452400,0.15,0.15
1614453300,0.15,0.15
1614454200,0.15,0.15
1614455100,0.15,0.15
1614456000,0.15,0.15
1614456900,0.15,0.15
1614457800,0.15,0.15
1614458700,0.15,0.15
1614459600,0.15,0.15
1614460500,0.15,0.15
1614461400,0.15,0.15
1614462300,0.15,0.15
1614463200,0.15,0.15
1614464100,0.15,0.15
1614465000,0.15,0.15
1614465900,0.15,0.15
1614466800,0.15,0.15
1614467700,0.15,0.15
1614468600,0.15,0.15
1614469500,0.15,0.15
1614470400,0.15,0.15
1614471300,0.15,0.15
1614472200,0.15,0.15
1614473100,0.15,0.15
1614474000,0.15,0.15
1614474900,0.15,0.15
1614475800,0.15,0.15
1614476700,0.15,0.15
1614477600,0.15,0.15
1614478500,0.15,0.15
1614479400,0.15,0.15
1614480300,0.15,0.15
1614481200,0.15,0.15
1614482100,0.15,0.15
1614483000,0.15,0.15
1614483900,0.15,0.15
1614484800,0.15,0.15
1614485700,0.15,0.15
1614486600,0.15,0.15
1614487500,0.15,0.15
1614488400,0.15,0.15
1614489300,0.15,0.15
1614490200,0.15,0.15
1614491100,0.15,0.15
1614492000,0.15,0.15
1614492900,0.15,0.15
1614493800,0.15,0.15
1614494700,0.15,0.15
1614495600,0.15,0.15
1614496500,0.15,0.15
1614497400,0.15,0.15
1614498300,0.15,0.15
1614499200,0.15,0.15
1614500100,0.15,0.15
1614501000,0.15,0.15
1614501900,0.15,0.15
1614502800,0.15,0.15
1614503700,0.15,0.15
1614504600,0.15,0.15
1614505500,0.15,0.15
1614506400,0.15,0.15
1614507300,0.15,0.15
1614508200,0.15,0.15
1614509100,0.15,0.15
1614510000,0.15,0.15
1614510900,0.15,0.15
1614511800,0.15,0.15
1614512700,0.15,0.15
1614513600,0.15,0.15
1614514500,0.15,0.15
1614515400,0.15,0.15
1614516300,0.15,0.15
1614517200,0.15,0.15
1614518100,0.15,0.15
1614519000,0.15,0.15
1614519900,0.15,0.15
1614520800,0.15,0.15
1614521700,0.15,0.15
1614522600,0.15,0.15
1614523500,0.15,0.15
1614524400,0.15,0.15
1614525300,0.15,0.15
1614526200,0.15,0.15
1614527100,0.15,0.15
1614528000,0.15,0.15
1614528900,0.15,0.15
1614529800,0.15,0.15
1614530700,0.15,0.15
1614531600,0.15,0.15
1614532500,0.15,0.15
1614533400,0.15,0.15
1614534300,0.15,0.15
1614535200,0.15,0.15
1614536100,0.15,0.15
1614537000,0.15,0.15
1614537900,0.15,0.15
1614538800,0.15,0.15
1614539700,0.15,0.15
1614540600,0.15,0.15
1614541500,0.15,0.15
1614542400,0.15,0.15
1614543300,0.15,0.15
1614544200,0.15,0.15
1614545100,0.15,0.15
1614546000,0.15,0.15
1614546900,0.15,0.15
1614547800,0.15,0.15
1614548700,0.15,0.15
1614549600,0.15,0.15
1614550500,0.15,0.15
1614551400,0.15,0.15
1614552300,0.15,0.15
1614553200,0.15,0.15
1614554100,0.15,0.15
1614555000,0.15,0.15
1614555900,0.15,0.15
1614556800,0.15,0.15
1614557700,0.15,0.15
1614558600,0.15,0.15
1614559500,0.15,0.15
1614560400,0.15,0.15
1614561300,0.15,0.15
1614562200,0.15,0.15
1614563100,0.15,0.15
1614564000,0.15,0.15
1614564900,0.15,0.15
1614565800,0.15,0.15
1614566700,0.15,0.15
1614567600,0.15,0.15
1614568500,0.15,0.15
1614569400,0.15,0.15
1614570300,0.15,0.15
1614571200,0.15,0.15
1614572100,0.15,0.15
1614573000,0.15,0.15
1614573900,0.15,0.15
1614574800,0.15,0.15
1614575700,0.15,0.15
1614576600,0.15,0.15
1614577500,0.15,0.15
1614578400,0.15,0.15
1614579300,0.15,0.15
1614580200,0.15,0.15
1614581100,0.15,0.15
1614582000,0.15,0.15
1614582900,0.15,0.15
1614583800,0.15,0.15
1614584700,0.15,0.15
1614585600,0.15,0.15
1614586500,0.15,0.15
1614587400,0.15,0.15
1614588300,0.15,0.15
1614589200,0.15,0.15
1614590100,0.15,0.15
1614591000,0.15,0.15
1614591900,0.15,0.15
1614592800,0.15,0.15
1614593700,0.15,0.15
1614594600,0.15,0.15
1614595500,0.15,0.15
1614596400,0.15,0.15
1614597300,0.15,0.15
1614598200,0.15,0.15
1614599100,0.15,0.15
1614600000,0.15,0.15
1614600900,0.15,0.15
1614601800,0.15,0.15
1614602700,0.15,0.15
1614603600,0.15,0.15
1614604500,0.15,0.15
1614605400,0.15,0.15
1614606300,0.15,0.15
1614607200,0.15,0.15
1614608100,0.15,0.15
1614609000,0.15,0.15
1614609900,0.15,0.15
1614610800,0.15,0.15
1614611700,0.15,0.15
1614612600,0.15,0.15
1614613500,0.15,0.15
1614614400,0.15,0.15
1614615300,0.15,0.15
1614616200,0.15,0.15
1614617100,0.15,0.15
1614618000,0.15,0.15
1614618900,0.15,0.15
1614619800,0.15,0.15
1614620700,0.15,0.15
1614621600,0.15,0.15
1614622500,0.15,0.15
1614623400,0.15,0.15
1614624300,0.15,0.15
1614625200,0.15,0.15
1614626100,0.15,0.15
1614627000,0.15,0.15
1614627900,0.15,0.15
1614628800,0.15,0.15
1614629700,0.15,0.15
1614630600,0.15,0.15
1614631500,0.15,0.15
1614632400,0.15,0.15
1614633300,0.15,0.15
1614634200,0.15,0.15
1614635100,0.15,0.15
1614636000,0.15,0.15
1614636900,0.15,0.15
1614637800,0.15,0.15
1614638700,0.15,0.15
1614639600,0.15,0.15
1614640500,0.15,0.15
1614641400,0.15,0.15
1614642300,0.15,0.15
1614643200,0.15,0.15
1614644100,0.15,0.15
1614645000,0.15,0.15
1614645900,0.15,0.15
1614646800,0.15,0.15
1614647700,0.15,0.15
1614648600,0.15,0.15
1614649500,0.15,0.15
1614650400,0.15,0.15
1614651300,0.15,0.15
1614652200,0.15,0.15
1614653100,0.15,0.15
1614654000,0.15,0.15
1614654900,0.15,0.15
1614655800,0.15,0.15
1614656700,0.15,0.15
1614657600,0.15,0.15
1614658500,0.15,0.15
1614659400,0.15,0.15
1614660300,0.15,0.15
1614661200,0.15,0.15
1614662100,0.15,0.15
1614663000,0.15,0.15
1614663900,0.15,0.15
1614664800,0.15,0.15
1614665700,0.15,0.15
1614666600,0.15,0.15
1614667500,0.15,0.15
1614668400,0.15,0.15
1614669300,0.15,0.15
1614670200,0.15,0.15
1614671100,0.15,0.15
1614672000,0.15,0.15
1614672900,0.15,0.15
1614673800,0.15,0.15
1614674700,0.15,0.15
1614675600,0.15,0.15
1614676500,0.15,0.15
1614677400,0.15,0.15
1614678300,0.15,0.15
1614679200,0.15,0.15
1614680100,0.15,0.15
1614681000,0.15,0.15
1614681900,0.15,0.15
1614682800,0.15,0.15
1614683700,0.15,0.15
1614684600,0.15,0.15
1614685500,0.15,0.15
1614686400,0.15,0.15
1614687300,0.15,0.15
1614688200,0.15,0.15
1614689100,0.15,0.15
1614690000,0.15,0.15
1614690900,0.15,0.15
1614691800,0.15,0.15
1614692700,0.15,0.15
1614693600,0.15,0.15
1614694500,0.15,0.15
1614695400,0.15,0.15
1614696300,0.15,0.15
1614697200,0.15,0.15
1614698100,0.15,0.15
1614699000,0.15,0.15
1614699900,0.15,0.15
1614700800,0.15,0.15
1614701700,0.15,0.15
1614702600,0.15,0.15
1614703500,0.15,0.15
1614704400,0.15,0.15
1614705300,0.15,0.15
1614706200,0.15,0.15
1614707100,0.15,0.15
1614708000,0.15,0.15
1614708900,0.15,0.15
1614709800,0.15,0.15
1614710700,0.15,0.15
1614711600,0.15,0.15
1614712500,0.15,0.15
1614713400,0.15,0.15
1614714300,0.15,0.15
1614715200,0.15,0.15
1614716100,0.15,0.15
1614717000,0.15,0.15
1614717900,0.15,0.15
1614718800,0.15,0.15
1614719700,0.15,0.15
1614720600,0.15,0.15
1614721500,0.15,0.15
1614722400,0.15,0.15
1614723300,0.15,0.15
1614724200,0.15,0.15
1614725100,0.15,0.15
1614726000,0.15,0.15
1614726900,0.15,0.15
1614727800,0.15,0.15
1614728700,0.15,0.15
1614729600,0.15,0.15
1614730500,0.15,0.15
1614731400,0.15,0.15
1614732300,0.15,0.15
1614733200,0.15,0.15
1614734100,0.15,0.15
1614735000,0.15,0.15
1614735900,0.15,0.15
1614736800,0.15,0.15
1614737700,0.15,0.15
1614738600,0.15,0.15
1614739500,0.15,0.15
1614740400,0.15,0.15
1614741300,0.15,0.15
1614742200,0.15,0.15
1614743100,0.15,0.15
1614744000,0.15,0.15
1614744900,0.15,0.15
1614745800,0.15,0.15
1614746700,0.15,0.15
1614747600,0.15,0.15
1614748500,0.15,0.15
1614749400,0.15,0.15
1614750300,0.15,0.15
1614751200,0.15,0.15
1614752100,0.15,0.15
1614753000,0.15,0.15
1614753900,0.15,0.15
1614754800,0.15,0.15
1614755700,0.15,0.15
1614756600,0.15,0.15
1614757500,0.15,0.15
1614758400,0.15,0.15
1614759300,0.15,0.15
1614760200,0.15,0.15
1614761100,0.15,0.15
1614762000,0.15,0.15
1614762900,0.15,0.15
1614763800,0.15,0.15
1614764700,0.15,0.15
1614765600,0.15,0.15
1614766500,0.15,0.15
1614767400,0.15,0.15
1614768300,0.15,0.15
1614769200,0.15,0.15
1614770100,0.15,0.15
1614771000,0.15,0.15
1614771900,0.15,0.15
1614772800,0.15,0.15
1614773700,0.15,0.15
1614774600,0.15,0.15
1614775500,0.15,0.15
1614776400,0.15,0.15
1614777300,0.15,0.15
1614778200,0.15,0.15
1614779100,0.15,0.15
1614780000,0.15,0.15
1614780900,0.15,0.15
1614781800,0.15,0.15
1614782700,0.15,0.15
1614783600,0.15,0.15
1614784500,0.15,0.15
1614785400,0.15,0.15
1614786300,0.15,0.15
1614787200,0.15,0.15
1614788100,0.15,0.15
1614789000,0.15,0.15
1614789900,0.15,0.15
1614790800,0.15,0.15
1614791700,0.15,0.15
1614792600,0.15,0.15
1614793500,0.15,0.15
1614794400,0.15,0.15
1614795300,0.15,0.15
1614796200,0.15,0.15
1614797100,0.15,0.15
1614798000,0.15,0.15
1614798900,0.15,0.15
1614799800,0.15,0.15
1614800700,0.15,0.15
1614801600,0.15,0.15
1614802500,0.15,0.15
1614803400,0.15,0.15
1614804300,0.15,0.15
1614805200,0.15,0.15
1614806100,0.15,0.15
1614807000,0.15,0.15
1614807900,0.15,0.15
1614808800,0.15,0.15
1614809700,0.15,0.15
1614810600,0.15,0.15
1614811500,0.15,0.15
1614812400,0.15,0.15
1614813300,0.15,0.15
1614814200,0.15,0.15
1614815100,0.15,0.15
1614816000,0.15,0.15
1614816900,0.15,0.15
1614817800,0.15,0.15
1614818700,0.15,0.15
1614819600,0.15,0.15
1614820500,0.15,0.15
1614821400,0.15,0.15
1614822300,0.15,0.15
1614823200,0.15,0.15
1614824100,0.15,0.15
1614825000,0.15,0.15
1614825900,0.15,0.15
1614826800,0.15,0.15
1614827700,0.15,0.15
1614828600,0.15,0.15
1614829500,0.15,0.15
1614830400,0.15,0.15
1614831300,0.15,0.15
1614832200,0.15,0.15
1614833100,0.15,0.15
1614834000,0.15,0.15
1614834900,0.15,0.15
1614835800,0.15,0.15
1614836700,0.15,0.15
1614837600,0.15,0.15
1614838500,0.15,0.15
1614839400,0.15,0.15
1614840300,0.15,0.15
1614841200,0.15,0.15
1614842100,0.15,0.15
1614843000,0.15,0.15
1614843900,0.15,0.15
1614844800,0.15,0.15
1614845700,0.15,0.15
1614846600,0.15,0.15
1614847500,0.15,0.15
1614848400,0.15,0.15
1614849300,0.15,0.15
1614850200,0.15,0.15
1614851100,0.15,0.15
1614852000,0.15,0.15
1614852900,0.15,0.15
1614853800,0.15,0.15
1614854700,0.15,0.15
1614855600,0.15,0.15
1614856500,0.15,0.15
1614857400,0.15,0.15
1614858300,0.15,0.15
1614859200,0.15,0.15
1614860100,0.15,0.15
1614861000,0.15,0.15
1614861900,0.15,0.15
1614862800,0.15,0.15
1614863700,0.15,0.15
1614864600,0.15,0.15
1614865500,0.15,0.15
1614866400,0.15,0.15
1614867300,0.15,0.15
1614868200,0.15,0.15
1614869100,0.15,0.15
1614870000,0.15,0.15
1614870900,0.15,0.15
1614871800,0.15,0.15
1614872700,0.15,0.15
1614873600,0.15,0.15
1614874500,0.15,0.15
1614875400,0.15,0.15
1614876300,0.15,0.15
1614877200,0.15,0.15
1614878100,0.15,0.15
1614879000,0.15,0.15
1614879900,0.15,0.15
1614880800,0.15,0.15
1614881700,0.15,0.15
1614882600,0.15,0.15
1614883500,0.15,0.15
1614884400,0.15,0.15
1614885300,0.15,0.15
1614886200,0.15,0.15
1614887100,0.15,0.15
1614888000,0.15,0.15
1614888900,0.15,0.15
1614889800,0.15,0.15
1614890700,0.15,0.15
1614891600,0.15,0.15
1614892500,0.15,0.15
1614893400,0.15,0.15
1614894300,0.15,0.15
1614895200,0.15,0.15
1614896100,0.15,0.15
1614897000,0.15,0.15
1614897900,0.15,0.15
1614898800,0.15,0.15
1614899700,0.15,0.15
1614900600,0.15,0.15
1614901500,0.15,0.15
1614902400,0.15,0.15
1614903300,0.15,0.15
1614904200,0.15,0.15
1614905100,0.15,0.15
1614906000,0.15,0.15
1614906900,0.15,0.15
1614907800,0.15,0.15
1614908700,0.15,0.15
1614909600,0.15,0.15
1614910500,0.15,0.15
1614911400,0.15,0.15
1614912300,0.15,0.15
1614913200,0.15,0.15
1614914100,0.15,0.15
1614915000,0.15,0.15
1614915900,0.15,0.15
1614916800,0.15,0.15
1614917700,0.15,0.15
1614918600,0.15,0.15
1614919500,0.15,0.15
1614920400,0.15,0.15
1614921300,0.15,0.15
1614922200,0.15,0.15
1614923100,0.15,0.15
1614924000,0.15,0.15
1614924900,0.15,0.15
1614925800,0.15,0.15
1614926700,0.15,0.15
1614927600,0.15,0.15
1614928500,0.15,0.15
1614929400,0.15,0.15
1614930300,0.15,0.15
1614931200,0.15,0.15
1614932100,0.15,0.15
1614933000,0.15,0.15
1614933900,0.15,0.15
1614934800,0.15,0.15
1614935700,0.15,0.15
1614936600,0.15,0.15
1614937500,0.15,0.15
1614938400,0.15,0.15
1614939300,0.15,0.15
1614940200,0.15,0.15
1614941100,0.15,0.15
1614942000,0.15,0.15
1614942900,0.15,0.15
1614943800,0.15,0.15
1614944700,0.15,0.15
1614945600,0.15,0.15
1614946500,0.15,0.15
1614947400,0.15,0.15
1614948300,0.15,0.15
1614949200,0.15,0.15
1614950100,0.15,0.15
1614951000,0.15,0.15
1614951900,0.15,0.15
1614952800,0.15,0.15
1614953700,0.15,0.15
1614954600,0.15,0.15
1614955500,0.15,0.15
1614956400,0.15,0.15
1614957300,0.15,0.15
1614958200,0.15,0.15
1614959100,0.15,0.15
1614960000,0.15,0.15
1614960900,0.15,0.15
1614961800,0.15,0.15
1614962700,0.15,0.15
1614963600,0.15,0.15
1614964500,0.15,0.15
1614965400,0.15,0.15
1614966300,0.15,0.15
1614967200,0.15,0.15
1614968100,0.15,0.15
1614969000,0.15,0.15
1614969900,0.15,0.15
1614970800,0.15,0.15
1614971700,0.15,0.15
1614972600,0.15,0.15
1614973500,0.15,0.15
1614974400,0.15,0.15
1614975300,0.15,0.15
1614976200,0.15,0.15
1614977100,0.15,0.15
1614978000,0.15,0.15
1614978900,0.15,0.15
1614979800,0.15,0.15
1614980700,0.15,0.15
1614981600,0.15,0.15
1614982500,0.15,0.15
1614983400,0.15,0.15
1614984300,0.15,0.15
1614985200,0.15,0.15
1614986100,0.15,0.15
1614987000,0.15,0.15
1614987900,0.15,0.15
1614988800,0.15,0.15
1614989700,0.15,0.15
1614990600,0.15,0.15
1614991500,0.15,0.15
1614992400,0.15,0.15
1614993300,0.15,0.15
1614994200,0.15,0.15
1614995100,0.15,0.15
1614996000,0.15,0.15
1614996900,0.15,0.15
1614997800,0.15,0.15
1614998700,0.15,0.15
1614999600,0.15,0.15
1615000500,0.15,0.15
1615001400,0.15,0.15
1615002300,0.15,0.15
1615003200,0.15,0.15
1615004100,0.15,0.15
1615005000,0.15,0.15
1615005900,0.15,0.15
1615006800,0.15,0.15
1615007700,0.15,0.15
1615008600,0.15,0.15
1615009500,0.15,0.15
1615010400,0.15,0.15
1615011300,0.15,0.15
1615012200,0.15,0.15
1615013100,0.15,0.15
1615014000,0.15,0.15
1615014900,0.15,0.15
1615015800,0.15,0.15
1615016700,0.15,0.15
1615017600,0.15,0.15
1615018500,0.15,0.15
1615019400,0.15,0.15
1615020300,0.15,0.15
1615021200,0.15,0.15
1615022100,0.15,0.15
1615023000,0.15,0.15
1615023900,0.15,0.15
1615024800,0.15,0.15
1615025700,0.15,0.15
1615026600,0.15,0.15
1615027500,0.15,0.15
1615028400,0.15,0.15
1615029300,0.15,0.15
1615030200,0.15,0.15
1615031100,0.15,0.15
1615032000,0.15,0.15
1615032900,0.15,0.15
1615033800,0.15,0.15
1615034700,0.15,0.15
1615035600,0.15,0.15
1615036500,0.15,0.15
1615037400,0.15,0.15
1615038300,0.15,0.15
1615039200,0.15,0.15
1615040100,0.15,0.15
1615041000,0.15,0.15
1615041900,0.15,0.15
1615042800,0.15,0.15
1615043700,0.15,0.15
1615044600,0.15,0.15
1615045500,0.15,0.15
1615046400,0.15,0.15
1615047300,0.15,0.15
1615048200,0.15,0.15
1615049100,0.15,0.15
1615050000,0.15,0.15
1615050900,0.15,0.15
1615051800,0.15,0.15
1615052700,0.15,0.15
1615053600,0.15,0.15
1615054500,0.15,0.15
1615055400,0.15,0.15
1615056300,0.15,0.15
1615057200,0.15,0.15
1615058100,0.15,0.15
1615059000,0.15,0.15
1615059900,0.15,0.15
1615060800,0.15,0.15
1615061700,0.15,0.15
1615062600,0.15,0.15
1615063500,0.15,0.15
1615064400,0.15,0.15
1615065300,0.15,0.15
1615066200,0.15,0.15
1615067100,0.15,0.15
1615068000,0.15,0.15
1615068900,0.15,0.15
1615069800,0.15,0.15
1615070700,0.15,0.15
1615071600,0.15,0.15
1615072500,0.15,0.15
1615073400,0.15,0.15
1615074300,0.15,0.15
1615075200,0.15,0.15
1615076100,0.15,0.15
1615077000,0.15,0.15
1615077900,0.15,0.15
1615078800,0.15,0.15
1615079700,0.15,0.15
1615080600,0.15,0.15
1615081500,0.15,0.15
1615082400,0.15,0.15
1615083300,0.15,0.15
1615084200,0.15,0.15
1615085100,0.15,0.15
1615086000,0.15,0.15
1615086900,0.15,0.15
1615087800,0.15,0.15
1615088700,0.15,0.15
1615089600,0.15,0.15
1615090500,0.15,0.15
1615091400,0.15,0.15
1615092300,0.15,0.15
1615093200,0.15,0.15
1615094100,0.15,0.15
1615095000,0.15,0.15
1615095900,0.15,0.15
1615096800,0.15,0.15
1615097700,0.15,0.15
1615098600,0.15,0.15
1615099500,0.15,0.15
1615100400,0.15,0.15
1615101300,0.15,0.15
1615102200,0.15,0.15
1615103100,0.15,0.15
1615104000,0.15,0.15
1615104900,0.15,0.15
1615105800,0.15,0.15
1615106700,0.15,0.15
1615107600,0.15,0.15
1615108500,0.15,0.15
1615109400,0.15,0.15
1615110300,0.15,0.15
1615111200,0.15,0.15
1615112100,0.15,0.15
1615113000,0.15,0.15
1615113900,0.15,0.15
1615114800,0.15,0.15
1615115700,0.15,0.15
1615116600,0.15,0.15
1615117500,0.15,0.15
1615118400,0.15,0.15
1615119300,0.15,0.15
1615120200,0.15,0.15
1615121100,0.15,0.15
1615122000,0.15,0.15
1615122900,0.15,0.15
1615123800,0.15,0.15
1615124700,0.15,0.15
1615125600,0.15,0.15
1615126500,0.15,0.15
1615127400,0.15,0.15
1615128300,0.15,0.15
1615129200,0.15,0.15
1615130100,0.15,0.15
1615131000,0.15,0.15
1615131900,0.15,0.15
1615132800,0.15,0.15
1615133700,0.15,0.15
1615134600,0.15,0.15
1615135500,0.15,0.15
1615136400,0.15,0.15
1615137300,0.15,0.15
1615138200,0.15,0.15
1615139100,0.15,0.15
1615140000,0.15,0.15
1615140900,0.15,0.15
1615141800,0.15,0.15
1615142700,0.15,0.15
1615143600,0.15,0.15
1615144500,0.15,0.15
1615145400,0.15,0.15
1615146300,0.15,0.15
1615147200,0.15,0.15
1615148100,0.15,0.15
1615149000,0.15,0.15
1615149900,0.15,0.15
1615150800,0.15,0.15
1615151700,0.15,0.15
1615152600,0.15,0.15
1615153500,0.15,0.15
1615154400,0.15,0.15
1615155300,0.15,0.15
1615156200,0.15,0.15
1615157100,0.15,0.15
1615158000,0.15,0.15
1615158900,0.15,0.15
1615159800,0.15,0.15
1615160700,0.15,0.15
1615161600,0.15,0.15
1615162500,0.15,0.15
1615163400,0.15,0.15
1615164300,0.15,0.15
1615165200,0.15,0.15
1615166100,0.15,0.15
1615167000,0.15,0.15
1615167900,0.15,0.15
1615168800,0.15,0.15
1615169700,0.15,0.15
1615170600,0.15,0.15
1615171500,0.15,0.15
1615172400,0.15,0.15
1615173300,0.15,0.15
1615174200,0.15,0.15
1615175100,0.15,0.15
1615176000,0.15,0.15
1615176900,0.15,0.15
1615177800,0.15,0.15
1615178700,0.15,0.15
1615179600,0.15,0.15
1615180500,0.15,0.15
1615181400,0.15,0.15
1615182300,0.15,0.15
1615183200,0.15,0.15
1615184100,0.15,0.15
1615185000,0.15,0.15
1615185900,0.15,0.15
1615186800,0.15,0.15
1615187700,0.15,0.15
1615188600,0.15,0.15
1615189500,0.15,0.15
1615190400,0.15,0.15
1615191300,0.15,0.15
1615192200,0.15,0.15
1615193100,0.15,0.15
1615194000,0.15,0.15
1615194900,0.15,0.15
1615195800,0.15,0.15
1615196700,0.15,0.15
1615197600,0.15,0.15
1615198500,0.15,0.15
1615199400,0.15,0.15
1615200300,0.15,0.15
1615201200,0.15,0.15
1615202100,0.15,0.15
1615203000,0.15,0.15
1615203900,0.15,0.15
1615204800,0.15,0.15
1615205700,0.15,0.15
1615206600,0.15,0.15
1615207500,0.15,0.15
1615208400,0.15,0.15
1615209300,0.15,0.15
1615210200,0.15,0.15
1615211100,0.15,0.15
1615212000,0.15,0.15
1615212900,0.15,0.15
1615213800,0.15,0.15
1615214700,0.15,0.15
1615215600,0.15,0.15
1615216500,0.15,0.15
1615217400,0.15,0.15
1615218300,0.15,0.15
1615219200,0.15,0.15
1615220100,0.15,0.15
1615221000,0.15,0.15
1615221900,0.15,0.15
1615222800,0.15,0.15
1615223700,0.15,0.15
1615224600,0.15,0.15
1615225500,0.15,0.15
1615226400,0.15,0.15
1615227300,0.15,0.15
1615228200,0.15,0.15
1615229100,0.15,0.15
1615230000,0.15,0.15
1615230900,0.15,0.15
1615231800,0.15,0.15
1615232700,0.15,0.15
1615233600,0.15,0.15
1615234500,0.15,0.15
1615235400,0.15,0.15
1615236300,0.15,0.15
1615237200,0.15,0.15
1615238100,0.15,0.15
1615239000,0.15,0.15
1615239900,0.15,0.15
1615240800,0.15,0.15
1615241700,0.15,0.15
1615242600,0.15,0.15
1615243500,0.15,0.15
1615244400,0.15,0.15
1615245300,0.15,0.15
1615246200,0.15,0.15
1615247100,0.15,0.15
1615248000,0.15,0.15
1615248900,0.15,0.15
1615249800,0.15,0.15
1615250700,0.15,0.15
1615251600,0.15,0.15
1615252500,0.15,0.15
1615253400,0.15,0.15
1615254300,0.15,0.15
1615255200,0.15,0.15
1615256100,0.15,0.15
1615257000,0.15,0.15
1615257900,0.15,0.15
1615258800,0.15,0.15
1615259700,0.15,0.15
1615260600,0.15,0.15
1615261500,0.15,0.15
1615262400,0.15,0.15
1615263300,0.15,0.15
1615264200,0.15,0.15
1615265100,0.15,0.15
1615266000,0.15,0.15
1615266900,0.15,0.15
1615267800,0.15,0.15
1615268700,0.15,0.15
1615269600,0.15,0.15
1615270500,0.15,0.15
1615271400,0.15,0.15
1615272300,0.15,0.15
1615273200,0.15,0.15
1615274100,0.15,0.15
1615275000,0.15,0.15
1615275900,0.15,0.15
1615276800,0.15,0.15
1615277700,0.15,0.15
1615278600,0.15,0.15
1615279500,0.15,0.15
1615280400,0.15,0.15
1615281300,0.15,0.15
1615282200,0.15,0.15
1615283100,0.15,0.15
1615284000,0.15,0.15
1615284900,0.15,0.15
1615285800,0.15,0.15
1615286700,0.15,0.15
1615287600,0.15,0.15
1615288500,0.15,0.15
1615289400,0.15,0.15
1615290300,0.15,0.15
1615291200,0.15,0.15
1615292100,0.15,0.15
1615293000,0.15,0.15
1615293900,0.15,0.15
1615294800,0.15,0.15
1615295700,0.15,0.15
1615296600,0.15,0.15
1615297500,0.15,0.15
1615298400,0.15,0.15
1615299300,0.15,0.15
1615300200,0.15,0.15
1615301100,0.15,0.15
1615302000,0.15,0.15
1615302900,0.15,0.15
1615303800,0.15,0.15
1615304700,0.15,0.15
1615305600,0.15,0.15
1615306500,0.15,0.15
1615307400,0.15,0.15
1615308300,0.15,0.15
1615309200,0.15,0.15
1615310100,0.15,0.15
1615311000,0.15,0.15
1615311900,0.15,0.15
1615312800,0.15,0.15
1615313700,0.15,0.15
1615314600,0.15,0.15
1615315500,0.15,0.15
1615316400,0.15,0.15
1615317300,0.15,0.15
1615318200,0.15,0.15
1615319100,0.15,0.15
1615320000,0.15,0.15
1615320900,0.15,0.15
1615321800,0.15,0.15
1615322700,0.15,0.15
1615323600,0.15,0.15
1615324500,0.15,0.15
1615325400,0.15,0.15
1615326300,0.15,0.15
1615327200,0.15,0.15
1615328100,0.15,0.15
1615329000,0.15,0.15
1615329900,0.15,0.15
1615330800,0.15,0.15
1615331700,0.15,0.15
1615332600,0.15,0.15
1615333500,0.15,0.15
1615334400,0.15,0.15
1615335300,0.15,0.15
1615336200,0.15,0.15
1615337100,0.15,0.15
1615338000,0.15,0.15
1615338900,0.15,0.15
1615339800,0.15,0.15
1615340700,0.15,0.15
1615341600,0.15,0.15
1615342500,0.15,0.15
1615343400,0.15,0.15
1615344300,0.15,0.15
1615345200,0.15,0.15
1615346100,0.15,0.15
1615347000,0.15,0.15
1615347900,0.15,0.15
1615348800,0.15,0.15
1615349700,0.15,0.15
1615350600,0.15,0.15
1615351500,0.15,0.15
1615352400,0.15,0.15
1615353300,0.15,0.15
1615354200,0.15,0.15
1615355100,0.15,0.15
1615356000,0.15,0.15
1615356900,0.15,0.15
1615357800,0.15,0.15
1615358700,0.15,0.15
1615359600,0.15,0.15
1615360500,0.15,0.15
1615361400,0.15,0.15
1615362300,0.15,0.15
1615363200,0.15,0.15
1615364100,0.15,0.15
1615365000,0.15,0.15
1615365900,0.15,0.15
1615366800,0.15,0.15
1615367700,0.15,0.15
1615368600,0.15,0.15
1615369500,0.15,0.15
1615370400,0.15,0.15
1615371300,0.15,0.15
1615372200,0.15,0.15
1615373100,0.15,0.15
1615374000,0.15,0.15
1615374900,0.15,0.15
1615375800,0.15,0.15
1615376700,0.15,0.15
1615377600,0.15,0.15
1615378500,0.15,0.15
1615379400,0.15,0.15
1615380300,0.15,0.15
1615381200,0.15,0.15
1615382100,0.15,0.15
1615383000,0.15,0.15
1615383900,0.15,0.15
1615384800,0.15,0.15
1615385700,0.15,0.15
1615386600,0.15,0.15
1615387500,0.15,0.15
1615388400,0.15,0.15
1615389300,0.15,0.15
1615390200,0.15,0.15
1615391100,0.15,0.15
1615392000,0.15,0.15
1615392900,0.15,0.15
1615393800,0.15,0.15
1615394700,0.15,0.15
1615395600,0.15,0.15
1615396500,0.15,0.15
1615397400,0.15,0.15
1615398300,0.15,0.15
1615399200,0.15,0.15
1615400100,0.15,0.15
1615401000,0.15,0.15
1615401900,0.15,0.15
1615402800,0.15,0.15
1615403700,0.15,0.15
1615404600,0.15,0.15
1615405500,0.15,0.15
1615406400,0.15,0.15
1615407300,0.15,0.15
1615408200,0.15,0.15
1615409100,0.15,0.15
1615410000,0.15,0.15
1615410900,0.15,0.15
1615411800,0.15,0.15
1615412700,0.15,0.15
1615413600,0.15,0.15
1615414500,0.15,0.15
1615415400,0.15,0.15
1615416300,0.15,0.15
1615417200,0.15,0.15
1615418100,0.15,0.15
1615419000,0.15,0.15
1615419900,0.15,0.15
1615420800,0.15,0.15
1615421700,0.15,0.15
1615422600,0.15,0.15
1615423500,0.15,0.15
1615424400,0.15,0.15
1615425300,0.15,0.15
1615426200,0.15,0.15
1615427100,0.15,0.15
1615428000,0.15,0.15
1615428900,0.15,0.15
1615429800,0.15,0.15
1615430700,0.15,0.15
1615431600,0.15,0.15
1615432500,0.15,0.15
1615433400,0.15,0.15
1615434300,0.15,0.15
1615435200,0.15,0.15
1615436100,0.15,0.15
1615437000,0.15,0.15
1615437900,0.15,0.15
1615438800,0.15,0.15
1615439700,0.15,0.15
1615440600,0.15,0.15
1615441500,0.15,0.15
1615442400,0.15,0.15
1615443300,0.15,0.15
1615444200,0.15,0.15
1615445100,0.15,0.15
1615446000,0.15,0.15
1615446900,0.15,0.15
1615447800,0.15,0.15
1615448700,0.15,0.15
1615449600,0.15,0.15
1615450500,0.15,0.15
1615451400,0.15,0.15
1615452300,0.15,0.15
1615453200,0.15,0.15
1615454100,0.15,0.15
1615455000,0.15,0.15
1615455900,0.15,0.15
1615456800,0.15,0.15
1615457700,0.15,0.15
1615458600,0.15,0.15
1615459500,0.15,0.15
1615460400,0.15,0.15
1615461300,0.15,0.15
1615462200,0.15,0.15
1615463100,0.15,0.15
1615464000,0.15,0.15
1615464900,0.15,0.15
1615465800,0.15,0.15
1615466700,0.15,0.15
1615467600,0.15,0.15
1615468500,0.15,0.15
1615469400,0.15,0.15
1615470300,0.15,0.15
1615471200,0.15,0.15
1615472100,0.15,0.15
1615473000,0.15,0.15
1615473900,0.15,0.15
1615474800,0.15,0.15
1615475700,0.15,0.15
1615476600,0.15,0.15
1615477500,0.15,0.15
1615478400,0.15,0.15
1615479300,0.15,0.15
1615480200,0.15,0.15
1615481100,0.15,0.15
1615482000,0.15,0.15
1615482900,0.15,0.15
1615483800,0.15,0.15
1615484700,0.15,0.15
1615485600,0.15,0.15
1615486500,0.15,0.15
1615487400,0.15,0.15
1615488300,0.15,0.15
1615489200,0.15,0.15
1615490100,0.15,0.15
1615491000,0.15,0.15
1615491900,0.15,0.15
1615492800,0.15,0.15
1615493700,0.15,0.15
1615494600,0.15,0.15
1615495500,0.15,0.15
1615496400,0.15,0.15
1615497300,0.15,0.15
1615498200,0.15,0.15
1615499100,0.15,0.15
1615500000,0.15,0.15
1615500900,0.15,0.15
1615501800,0.15,0.15
1615502700,0.15,0.15
1615503600,0.15,0.15
1615504500,0.15,0.15
1615505400,0.15,0.15
1615506300,0.15,0.15
1615507200,0.15,0.15
1615508100,0.15,0.15
1615509000,0.15,0.15
1615509900,0.15,0.15
1615510800,0.15,0.15
1615511700,0.15,0.15
1615512600,0.15,0.15
1615513500,0.15,0.15
1615514400,0.15,0.15
1615515300,0.15,0.15
1615516200,0.15,0.15
1615517100,0.15,0.15
1615518000,0.15,0.15
1615518900,0.15,0.15
1615519800,0.15,0.15
1615520700,0.15,0.15
1615521600,0.15,0.15
1615522500,0.15,0.15
1615523400,0.15,0.15
1615524300,0.15,0.15
1615525200,0.15,0.15
1615526100,0.15,0.15
1615527000,0.15,0.15
1615527900,0.15,0.15
1615528800,0.15,0.15
1615529700,0.15,0.15
1615530600,0.15,0.15
1615531500,0.15,0.15
1615532400,0.15,0.15
1615533300,0.15,0.15
1615534200,0.15,0.15
1615535100,0.15,0.15
1615536000,0.15,0.15
1615536900,0.15,0.15
1615537800,0.15,0.15
1615538700,0.15,0.15
1615539600,0.15,0.15
1615540500,0.15,0.15
1615541400,0.15,0.15
1615542300,0.15,0.15
1615543200,0.15,0.15
1615544100,0.15,0.15
1615545000,0.15,0.15
1615545900,0.15,0.15
1615546800,0.15,0.15
1615547700,0.15,0.15
1615548600,0.15,0.15
1615549500,0.15,0.15
1615550400,0.15,0.15
1615551300,0.15,0.15
1615552200,0.15,0.15
1615553100,0.15,0.15
1615554000,0.15,0.15
1615554900,0.15,0.15
1615555800,0.15,0.15
1615556700,0.15,0.15
1615557600,0.15,0.15
1615558500,0.15,0.15
1615559400,0.15,0.15
1615560300,0.15,0.15
1615561200,0.15,0.15
1615562100,0.15,0.15
1615563000,0.15,0.15
1615563900,0.15,0.15
1615564800,0.15,0.15
1615565700,0.15,0.15
1615566600,0.15,0.15
1615567500,0.15,0.15
1615568400,0.15,0.15
1615569300,0.15,0.15
1615570200,0.15,0.15
1615571100,0.15,0.15
1615572000,0.15,0.15
1615572900,0.15,0.15
1615573800,0.15,0.15
1615574700,0.15,0.15
1615575600,0.15,0.15
1615576500,0.15,0.15
1615577400,0.15,0.15
1615578300,0.15,0.15
1615579200,0.15,0.15
1615580100,0.15,0.15
1615581000,0.15,0.15
1615581900,0.15,0.15
1615582800,0.15,0.15
1615583700,0.15,0.15
1615584600,0.15,0.15
1615585500,0.15,0.15
1615586400,0.15,0.15
1615587300,0.15,0.15
1615588200,0.15,0.15
1615589100,0.15,0.15
1615590000,0.15,0.15
1615590900,0.15,0.15
1615591800,0.15,0.15
1615592700,0.15,0.15
1615593600,0.15,0.15
1615594500,0.15,0.15
1615595400,0.15,0.15
1615596300,0.15,0.15
1615597200,0.15,0.15
1615598100,0.15,0.15
1615599000,0.15,0.15
1615599900,0.15,0.15
1615600800,0.15,0.15
1615601700,0.15,0.15
1615602600,0.15,0.15
1615603500,0.15,0.15
1615604400,0.15,0.15
1615605300,0.15,0.15
1615606200,0.15,0.15
1615607100,0.15,0.15
1615608000,0.15,0.15
1615608900,0.15,0.15
1615609800,0.15,0.15
1615610700,0.15,0.15
1615611600,0.15,0.15
1615612500,0.15,0.15
1615613400,0.15,0.15
1615614300,0.15,0.15
1615615200,0.15,0.15
1615616100,0.15,0.15
1615617000,0.15,0.15
1615617900,0.15,0.15
1615618800,0.15,0.15
1615619700,0.15,0.15
1615620600,0.15,0.15
1615621500,0.15,0.15
1615622400,0.15,0.15
1615623300,0.15,0.15
1615624200,0.15,0.15
1615625100,0.15,0.15
1615626000,0.15,0.15
1615626900,0.15,0.15
1615627800,0.15,0.15
1615628700,0.15,0.15
1615629600,0.15,0.15
1615630500,0.15,0.15
1615631400,0.15,0.15
1615632300,0.15,0.15
1615633200,0.15,0.15
1615634100,0.15,0.15
1615635000,0.15,0.15
1615635900,0.15,0.15
1615636800,0.15,0.15
1615637700,0.15,0.15
1615638600,0.15,0.15
1615639500,0.15,0.15
1615640400,0.15,0.15
1615641300,0.15,0.15
1615642200,0.15,0.15
1615643100,0.15,0.15
1615644000,0.15,0.15
1615644900,0.15,0.15
1615645800,0.15,0.15
1615646700,0.15,0.15
1615647600,0.15,0.15
1615648500,0.15,0.15
1615649400,0.15,0.15
1615650300,0.15,0.15
1615651200,0.15,0.15
1615652100,0.15,0.15
1615653000,0.15,0.15
1615653900,0.15,0.15
1615654800,0.15,0.15
1615655700,0.15,0.15
1615656600,0.15,0.15
1615657500,0.15,0.15
1615658400,0.15,0.15
1615659300,0.15,0.15
1615660200,0.15,0.15
1615661100,0.15,0.15
1615662000,0.15,0.15
1615662900,0.15,0.15
1615663800,0.15,0.15
1615664700,0.15,0.15
1615665600,0.15,0.15
1615666500,0.15,0.15
1615667400,0.15,0.15
1615668300,0.15,0.15
1615669200,0.15,0.15
1615670100,0.15,0.15
1615671000,0.15,0.15
1615671900,0.15,0.15
1615672800,0.15,0.15
1615673700,0.15,0.15
1615674600,0.15,0.15
1615675500,0.15,0.15
1615676400,0.15,0.15
1615677300,0.15,0.15
1615678200,0.15,0.15
1615679100,0.15,0.15
1615680000,0.15,0.15
1615680900,0.15,0.15
1615681800,0.15,0.15
1615682700,0.15,0.15
1615683600,0.15,0.15
1615684500,0.15,0.15
1615685400,0.15,0.15
1615686300,0.15,0.15
1615687200,0.15,0.15
1615688100,0.15,0.15
1615689000,0.15,0.15
1615689900,0.15,0.15
1615690800,0.15,0.15
1615691700,0.15,0.15
1615692600,0.15,0.15
1615693500,0.15,0.15
1615694400,0.15,0.15
1615695300,0.15,0.15
1615696200,0.15,0.15
1615697100,0.15,0.15
1615698000,0.15,0.15
1615698900,0.15,0.15
1615699800,0.15,0.15
1615700700,0.15,0.15
1615701600,0.15,0.15
1615702500,0.15,0.15
1615703400,0.15,0.15
1615704300,0.15,0.15
1615705200,0.15,0.15
1615706100,0.15,0.15
1615707000,0.15,0.15
1615707900,0.15,0.15
1615708800,0.15,0.15
1615709700,0.15,0.15
1615710600,0.15,0.15
1615711500,0.15,0.15
1615712400,0.15,0.15
1615713300,0.15,0.15
1615714200,0.15,0.15
1615715100,0.15,0.15
1615716000,0.15,0.15
1615716900,0.15,0.15
1615717800,0.15,0.15
1615718700,0.15,0.15
1615719600,0.15,0.15
1615720500,0.15,0.15
1615721400,0.15,0.15
1615722300,0.15,0.15
1615723200,0.15,0.15
1615724100,0.15,0.15
1615725000,0.15,0.15
1615725900,0.15,0.15
1615726800,0.15,0.15
1615727700,0.15,0.15
1615728600,0.15,0.15
1615729500,0.15,0.15
1615730400,0.15,0.15
1615731300,0.15,0.15
1615732200,0.15,0.15
1615733100,0.15,0.15
1615734000,0.15,0.15
1615734900,0.15,0.15
1615735800,0.15,0.15
1615736700,0.15,0.15
1615737600,0.15,0.15
1615738500,0.15,0.15
1615739400,0.15,0.15
1615740300,0.15,0.15
1615741200,0.15,0.15
1615742100,0.15,0.15
1615743000,0.15,0.15
1615743900,0.15,0.15
1615744800,0.15,0.15
1615745700,0.15,0.15
1615746600,0.15,0.15
1615747500,0.15,0.15
1615748400,0.15,0.15
1615749300,0.15,0.15
1615750200,0.15,0.15
1615751100,0.15,0.15
1615752000,0.15,0.15
1615752900,0.15,0.15
1615753800,0.15,0.15
1615754700,0.15,0.15
1615755600,0.15,0.15
1615756500,0.15,0.15
1615757400,0.15,0.15
1615758300,0.15,0.15
1615759200,0.15,0.15
1615760100,0.15,0.15
1615761000,0.15,0.15
1615761900,0.15,0.15
1615762800,0.15,0.15
1615763700,0.15,0.15
1615764600,0.15,0.15
1615765500,0.15,0.15
1615766400,0.15,0.15
1615767300,0.15,0.15
1615768200,0.15,0.15
1615769100,0.15,0.15
1615770000,0.15,0.15
1615770900,0.15,0.15
1615771800,0.15,0.15
1615772700,0.15,0.15
1615773600,0.15,0.15
1615774500,0.15,0.15
1615775400,0.15,0.15
1615776300,0.15,0.15
1615777200,0.15,0.15
1615778100,0.15,0.15
1615779000,0.15,0.15
1615779900,0.15,0.15
1615780800,0.15,0.15
1615781700,0.15,0.15
1615782600,0.15,0.15
1615783500,0.15,0.15
1615784400,0.15,0.15
1615785300,0.15,0.15
1615786200,0.15,0.15
1615787100,0.15,0.15
1615788000,0.15,0.15
1615788900,0.15,0.15
1615789800,0.15,0.15
1615790700,0.15,0.15
1615791600,0.15,0.15
1615792500,0.15,0.15
1615793400,0.15,0.15
1615794300,0.15,0.15
1615795200,0.15,0.15
1615796100,0.15,0.15
1615797000,0.15,0.15
1615797900,0.15,0.15
1615798800,0.15,0.15
1615799700,0.15,0.15
1615800600,0.15,0.15
1615801500,0.15,0.15
1615802400,0.15,0.15
1615803300,0.15,0.15
1615804200,0.15,0.15
1615805100,0.15,0.15
1615806000,0.15,0.15
1615806900,0.15,0.15
1615807800,0.15,0.15
1615808700,0.15,0.15
1615809600,0.15,0.15
1615810500,0.15,0.15
1615811400,0.15,0.15
1615812300,0.15,0.15
1615813200,0.15,0.15
1615814100,0.15,0.15
1615815000,0.15,0.15
1615815900,0.15,0.15
1615816800,0.15,0.15
1615817700,0.15,0.15
1615818600,0.15,0.15
1615819500,0.15,0.15
1615820400,0.15,0.15
1615821300,0.15,0.15
1615822200,0.15,0.15
1615823100,0.15,0.15
1615824000,0.15,0.15
1615824900,0.15,0.15
1615825800,0.15,0.15
1615826700,0.15,0.15
1615827600,0.15,0.15
1615828500,0.15,0.15
1615829400,0.15,0.15
1615830300,0.15,0.15
1615831200,0.15,0.15
1615832100,0.15,0.15
1615833000,0.15,0.15
1615833900,0.15,0.15
1615834800,0.15,0.15
1615835700,0.15,0.15
1615836600,0.15,0.15
1615837500,0.15,0.15
1615838400,0.15,0.15
1615839300,0.15,0.15
1615840200,0.15,0.15
1615841100,0.15,0.15
1615842000,0.15,0.15
1615842900,0.15,0.15
1615843800,0.15,0.15
1615844700,0.15,0.15
1615845600,0.15,0.15
1615846500,0.15,0.15
1615847400,0.15,0.15
1615848300,0.15,0.15
1615849200,0.15,0.15
1615850100,0.15,0.15
1615851000,0.15,0.15
1615851900,0.15,0.15
1615852800,0.15,0.15
1615853700,0.15,0.15
1615854600,0.15,0.15
1615855500,0.15,0.15
1615856400,0.15,0.15
1615857300,0.15,0.15
1615858200,0.15,0.15
1615859100,0.15,0.15
1615860000,0.15,0.15
1615860900,0.15,0.15
1615861800,0.15,0.15
1615862700,0.15,0.15
1615863600,0.15,0.15
1615864500,0.15,0.15
1615865400,0.15,0.15
1615866300,0.15,0.15
1615867200,0.15,0.15
1615868100,0.15,0.15
1615869000,0.15,0.15
1615869900,0.15,0.15
1615870800,0.15,0.15
1615871700,0.15,0.15
1615872600,0.15,0.15
1615873500,0.15,0.15
1615874400,0.15,0.15
1615875300,0.15,0.15
1615876200,0.15,0.15
1615877100,0.15,0.15
1615878000,0.15,0.15
1615878900,0.15,0.15
1615879800,0.15,0.15
1615880700,0.15,0.15
1615881600,0.15,0.15
1615882500,0.15,0.15
1615883400,0.15,0.15
1615884300,0.15,0.15
1615885200,0.15,0.15
1615886100,0.15,0.15
1615887000,0.15,0.15
1615887900,0.15,0.15
1615888800,0.15,0.15
1615889700,0.15,0.15
1615890600,0.15,0.15
1615891500,0.15,0.15
1615892400,0.15,0.15
1615893300,0.15,0.15
1615894200,0.15,0.15
1615895100,0.15,0.15
1615896000,0.15,0.15
1615896900,0.15,0.15
1615897800,0.15,0.15
1615898700,0.15,0.15
1615899600,0.15,0.15
1615900500,0.15,0.15
1615901400,0.15,0.15
1615902300,0.15,0.15
1615903200,0.15,0.15
1615904100,0.15,0.15
1615905000,0.15,0.15
1615905900,0.15,0.15
1615906800,0.15,0.15
1615907700,0.15,0.15
1615908600,0.15,0.15
1615909500,0.15,0.15
1615910400,0.15,0.15
1615911300,0.15,0.15
1615912200,0.15,0.15
1615913100,0.15,0.15
1615914000,0.15,0.15
1615914900,0.15,0.15
1615915800,0.15,0.15
1615916700,0.15,0.15
1615917600,0.15,0.15
1615918500,0.15,0.15
1615919400,0.15,0.15
1615920300,0.15,0.15
1615921200,0.15,0.15
1615922100,0.15,0.15
1615923000,0.15,0.15
1615923900,0.15,0.15
1615924800,0.15,0.15
1615925700,0.15,0.15
1615926600,0.15,0.15
1615927500,0.15,0.15
1615928400,0.15,0.15
1615929300,0.15,0.15
1615930200,0.15,0.15
1615931100,0.15,0.15
1615932000,0.15,0.15
1615932900,0.15,0.15
1615933800,0.15,0.15
1615934700,0.15,0.15
1615935600,0.15,0.15
1615936500,0.15,0.15
1615937400,0.15,0.15
1615938300,0.15,0.15
1615939200,0.15,0.15
1615940100,0.15,0.15
1615941000,0.15,0.15
1615941900,0.15,0.15
1615942800,0.15,0.15
1615943700,0.15,0.15
1615944600,0.15,0.15
1615945500,0.15,0.15
1615946400,0.15,0.15
1615947300,0.15,0.15
1615948200,0.15,0.15
1615949100,0.15,0.15
1615950000,0.15,0.15
1615950900,0.15,0.15
1615951800,0.15,0.15
1615952700,0.15,0.15
1615953600,0.15,0.15
1615954500,0.15,0.15
1615955400,0.15,0.15
1615956300,0.15,0.15
1615957200,0.15,0.15
1615958100,0.15,0.15
1615959000,0.15,0.15
1615959900,0.15,0.15
1615960800,0.15,0.15
1615961700,0.15,0.15
1615962600,0.15,0.15
1615963500,0.15,0.15
1615964400,0.15,0.15
1615965300,0.15,0.15
1615966200,0.15,0.15
1615967100,0.15,0.15
1615968000,0.15,0.15
1615968900,0.15,0.15
1615969800,0.15,0.15
1615970700,0.15,0.15
1615971600,0.15,0.15
1615972500,0.15,0.15
1615973400,0.15,0.15
1615974300,0.15,0.15
1615975200,0.15,0.15
1615976100,0.15,0.15
1615977000,0.15,0.15
1615977900,0.15,0.15
1615978800,0.15,0.15
1615979700,0.15,0.15
1615980600,0.15,0.15
1615981500,0.15,0.15
1615982400,0.15,0.15
1615983300,0.15,0.15
1615984200,0.15,0.15
1615985100,0.15,0.15
1615986000,0.15,0.15
1615986900,0.15,0.15
1615987800,0.15,0.15
1615988700,0.15,0.15
1615989600,0.15,0.15
1615990500,0.15,0.15
1615991400,0.15,0.15
1615992300,0.15,0.15
1615993200,0.15,0.15
1615994100,0.15,0.15
1615995000,0.15,0.15
1615995900,0.15,0.15
1615996800,0.15,0.15
1615997700,0.15,0.15
1615998600,0.15,0.15
1615999500,0.15,0.15
1616000400,0.15,0.15
1616001300,0.15,0.15
1616002200,0.15,0.15
1616003100,0.15,0.15
1616004000,0.15,0.15
1616004900,0.15,0.15
1616005800,0.15,0.15
1616006700,0.15,0.15
1616007600,0.15,0.15
1616008500,0.15,0.15
1616009400,0.15,0.15
1616010300,0.15,0.15
1616011200,0.15,0.15
1616012100,0.15,0.15
1616013000,0.15,0.15
1616013900,0.15,0.15
1616014800,0.15,0.15
1616015700,0.15,0.15
1616016600,0.15,0.15
1616017500,0.15,0.15
1616018400,0.15,0.15
1616019300,0.15,0.15
1616020200,0.15,0.15
1616021100,0.15,0.15
1616022000,0.15,0.15
1616022900,0.15,0.15
1616023800,0.15,0.15
1616024700,0.15,0.15
1616025600,0.15,0.15
1616026500,0.15,0.15
1616027400,0.15,0.15
1616028300,0.15,0.15
1616029200,0.15,0.15
1616030100,0.15,0.15
1616031000,0.15,0.15
1616031900,0.15,0.15
1616032800,0.15,0.15
1616033700,0.15,0.15
1616034600,0.15,0.15
1616035500,0.15,0.15
1616036400,0.15,0.15
1616037300,0.15,0.15
1616038200,0.15,0.15
1616039100,0.15,0.15
1616040000,0.15,0.15
1616040900,0.15,0.15
1616041800,0.15,0.15
1616042700,0.15,0.15
1616043600,0.15,0.15
1616044500,0.15,0.15
1616045400,0.15,0.15
1616046300,0.15,0.15
1616047200,0.15,0.15
1616048100,0.15,0.15
1616049000,0.15,0.15
1616049900,0.15,0.15
1616050800,0.15,0.15
1616051700,0.15,0.15
1616052600,0.15,0.15
1616053500,0.15,0.15
1616054400,0.15,0.15
1616055300,0.15,0.15
1616056200,0.15,0.15
1616057100,0.15,0.15
1616058000,0.15,0.15
1616058900,0.15,0.15
1616059800,0.15,0.15
1616060700,0.15,0.15
1616061600,0.15,0.15
1616062500,0.15,0.15
1616063400,0.15,0.15
1616064300,0.15,0.15
1616065200,0.15,0.15
1616066100,0.15,0.15
1616067000,0.15,0.15
1616067900,0.15,0.15
1616068800,0.15,0.15
1616069700,0.15,0.15
1616070600,0.15,0.15
1616071500,0.15,0.15
1616072400,0.15,0.15
1616073300,0.15,0.15
1616074200,0.15,0.15
1616075100,0.15,0.15
1616076000,0.15,0.15
1616076900,0.15,0.15
1616077800,0.15,0.15
1616078700,0.15,0.15
1616079600,0.15,0.15
1616080500,0.15,0.15
1616081400,0.15,0.15
1616082300,0.15,0.15
1616083200,0.15,0.15
1616084100,0.15,0.15
1616085000,0.15,0.15
1616085900,0.15,0.15
1616086800,0.15,0.15
1616087700,0.15,0.15
1616088600,0.15,0.15
1616089500,0.15,0.15
1616090400,0.15,0.15
1616091300,0.15,0.15
1616092200,0.15,0.15
1616093100,0.15,0.15
1616094000,0.15,0.15
1616094900,0.15,0.15
1616095800,0.15,0.15
1616096700,0.15,0.15
1616097600,0.15,0.15
1616098500,0.15,0.15
1616099400,0.15,0.15
1616100300,0.15,0.15
1616101200,0.15,0.15
1616102100,0.15,0.15
1616103000,0.15,0.15
1616103900,0.15,0.15
1616104800,0.15,0.15
1616105700,0.15,0.15
1616106600,0.15,0.15
1616107500,0.15,0.15
1616108400,0.15,0.15
1616109300,0.15,0.15
1616110200,0.15,0.15
1616111100,0.15,0.15
1616112000,0.15,0.15
1616112900,0.15,0.15
1616113800,0.15,0.15
1616114700,0.15,0.15
1616115600,0.15,0.15
1616116500,0.15,0.15
1616117400,0.15,0.15
1616118300,0.15,0.15
1616119200,0.15,0.15
1616120100,0.15,0.15
1616121000,0.15,0.15
1616121900,0.15,0.15
1616122800,0.15,0.15
1616123700,0.15,0.15
1616124600,0.15,0.15
1616125500,0.15,0.15
1616126400,0.15,0.15
1616127300,0.15,0.15
1616128200,0.15,0.15
1616129100,0.15,0.15
1616130000,0.15,0.15
1616130900,0.15,0.15
1616131800,0.15,0.15
1616132700,0.15,0.15
1616133600,0.15,0.15
1616134500,0.15,0.15
1616135400,0.15,0.15
1616136300,0.15,0.15
1616137200,0.15,0.15
1616138100,0.15,0.15
1616139000,0.15,0.15
1616139900,0.15,0.15
1616140800,0.15,0.15
1616141700,0.15,0.15
1616142600,0.15,0.15
1616143500,0.15,0.15
1616144400,0.15,0.15
1616145300,0.15,0.15
1616146200,0.15,0.15
1616147100,0.15,0.15
1616148000,0.15,0.15
1616148900,0.15,0.15
1616149800,0.15,0.15
1616150700,0.15,0.15
1616151600,0.15,0.15
1616152500,0.15,0.15
1616153400,0.15,0.15
1616154300,0.15,0.15
1616155200,0.15,0.15
1616156100,0.15,0.15
1616157000,0.15,0.15
1616157900,0.15,0.15
1616158800,0.15,0.15
1616159700,0.15,0.15
1616160600,0.15,0.15
1616161500,0.15,0.15
1616162400,0.15,0.15
1616163300,0.15,0.15
1616164200,0.15,0.15
1616165100,0.15,0.15
1616166000,0.15,0.15
1616166900,0.15,0.15
1616167800,0.15,0.15
1616168700,0.15,0.15
1616169600,0.15,0.15
1616170500,0.15,0.15
1616171400,0.15,0.15
1616172300,0.15,0.15
1616173200,0.15,0.15
1616174100,0.15,0.15
1616175000,0.15,0.15
1616175900,0.15,0.15
1616176800,0.15,0.15
1616177700,0.15,0.15
1616178600,0.15,0.15
1616179500,0.15,0.15
1616180400,0.15,0.15
1616181300,0.15,0.15
1616182200,0.15,0.15
1616183100,0.15,0.15
1616184000,0.15,0.15
1616184900,0.15,0.15
1616185800,0.15,0.15
1616186700,0.15,0.15
1616187600,0.15,0.15
1616188500,0.15,0.15
1616189400,0.15,0.15
1616190300,0.15,0.15
1616191200,0.15,0.15
1616192100,0.15,0.15
1616193000,0.15,0.15
1616193900,0.15,0.15
1616194800,0.15,0.15
1616195700,0.15,0.15
1616196600,0.15,0.15
1616197500,0.15,0.15
1616198400,0.15,0.15
1616199300,0.15,0.15
1616200200,0.15,0.15
1616201100,0.15,0.15
1616202000,0.15,0.15
1616202900,0.15,0.15
1616203800,0.15,0.15
1616204700,0.15,0.15
1616205600,0.15,0.15
1616206500,0.15,0.15
1616207400,0.15,0.15
1616208300,0.15,0.15
1616209200,0.15,0.15
1616210100,0.15,0.15
1616211000,0.15,0.15
1616211900,0.15,0.15
1616212800,0.15,0.15
1616213700,0.15,0.15
1616214600,0.15,0.15
1616215500,0.15,0.15
1616216400,0.15,0.15
1616217300,0.15,0.15
1616218200,0.15,0.15
1616219100,0.15,0.15
1616220000,0.15,0.15
1616220900,0.15,0.15
1616221800,0.15,0.15
1616222700,0.15,0.15
1616223600,0.15,0.15
1616224500,0.15,0.15
1616225400,0.15,0.15
1616226300,0.15,0.15
1616227200,0.15,0.15
1616228100,0.15,0.15
1616229000,0.15,0.15
1616229900,0.15,0.15
1616230800,0.15,0.15
1616231700,0.15,0.15
1616232600,0.15,0.15
1616233500,0.15,0.15
1616234400,0.15,0.15
1616235300,0.15,0.15
1616236200,0.15,0.15
1616237100,0.15,0.15
1616238000,0.15,0.15
1616238900,0.15,0.15
1616239800,0.15,0.15
1616240700,0.15,0.15
1616241600,0.15,0.15
1616242500,0.15,0.15
1616243400,0.15,0.15
1616244300,0.15,0.15
1616245200,0.15,0.15
1616246100,0.15,0.15
1616247000,0.15,0.15
1616247900,0.15,0.15
1616248800,0.15,0.15
1616249700,0.15,0.15
1616250600,0.15,0.15
1616251500,0.15,0.15
1616252400,0.15,0.15
1616253300,0.15,0.15
1616254200,0.15,0.15
1616255100,0.15,0.15
1616256000,0.15,0.15
1616256900,0.15,0.15
1616257800,0.15,0.15
1616258700,0.15,0.15
1616259600,0.15,0.15
1616260500,0.15,0.15
1616261400,0.15,0.15
1616262300,0.15,0.15
1616263200,0.15,0.15
1616264100,0.15,0.15
1616265000,0.15,0.15
1616265900,0.15,0.15
1616266800,0.15,0.15
1616267700,0.15,0.15
1616268600,0.15,0.15
1616269500,0.15,0.15
1616270400,0.15,0.15
1616271300,0.15,0.15
1616272200,0.15,0.15
1616273100,0.15,0.15
1616274000,0.15,0.15
1616274900,0.15,0.15
1616275800,0.15,0.15
1616276700,0.15,0.15
1616277600,0.15,0.15
1616278500,0.15,0.15
1616279400,0.15,0.15
1616280300,0.15,0.15
1616281200,0.15,0.15
1616282100,0.15,0.15
1616283000,0.15,0.15
1616283900,0.15,0.15
1616284800,0.15,0.15
1616285700,0.15,0.15
1616286600,0.15,0.15
1616287500,0.15,0.15
1616288400,0.15,0.15
1616289300,0.15,0.15
1616290200,0.15,0.15
1616291100,0.15,0.15
1616292000,0.15,0.15
1616292900,0.15,0.15
1616293800,0.15,0.15
1616294700,0.15,0.15
1616295600,0.15,0.15
1616296500,0.15,0.15
1616297400,0.15,0.15
1616298300,0.15,0.15
1616299200,0.15,0.15
1616300100,0.15,0.15
1616301000,0.15,0.15
1616301900,0.15,0.15
1616302800,0.15,0.15
1616303700,0.15,0.15
1616304600,0.15,0.15
1616305500,0.15,0.15
1616306400,0.15,0.15
1616307300,0.15,0.15
1616308200,0.15,0.15
1616309100,0.15,0.15
1616310000,0.15,0.15
1616310900,0.15,0.15
1616311800,0.15,0.15
1616312700,0.15,0.15
1616313600,0.15,0.15
1616314500,0.15,0.15
1616315400,0.15,0.15
1616316300,0.15,0.15
1616317200,0.15,0.15
1616318100,0.15,0.15
1616319000,0.15,0.15
1616319900,0.15,0.15
1616320800,0.15,0.15
1616321700,0.15,0.15
1616322600,0.15,0.15
1616323500,0.15,0.15
1616324400,0.15,0.15
1616325300,0.15,0.15
1616326200,0.15,0.15
1616327100,0.15,0.15
1616328000,0.15,0.15
1616328900,0.15,0.15
1616329800,0.15,0.15
1616330700,0.15,0.15
1616331600,0.15,0.15
1616332500,0.15,0.15
1616333400,0.15,0.15
1616334300,0.15,0.15
1616335200,0.15,0.15
1616336100,0.15,0.15
1616337000,0.15,0.15
1616337900,0.15,0.15
1616338800,0.15,0.15
1616339700,0.15,0.15
1616340600,0.15,0.15
1616341500,0.15,0.15
1616342400,0.15,0.15
1616343300,0.15,0.15
1616344200,0.15,0.15
1616345100,0.15,0.15
1616346000,0.15,0.15
1616346900,0.15,0.15
1616347800,0.15,0.15
1616348700,0.15,0.15
1616349600,0.15,0.15
1616350500,0.15,0.15
1616351400,0.15,0.15
1616352300,0.15,0.15
1616353200,0.15,0.15
1616354100,0.15,0.15
1616355000,0.15,0.15
1616355900,0.15,0.15
1616356800,0.15,0.15
1616357700,0.15,0.15
1616358600,0.15,0.15
1616359500,0.15,0.15
1616360400,0.15,0.15
1616361300,0.15,0.15
1616362200,0.15,0.15
1616363100,0.15,0.15
1616364000,0.15,0.15
1616364900,0.15,0.15
1616365800,0.15,0.15
1616366700,0.15,0.15
1616367600,0.15,0.15
1616368500,0.15,0.15
1616369400,0.15,0.15
1616370300,0.15,0.15
1616371200,0.15,0.15
1616372100,0.15,0.15
1616373000,0.15,0.15
1616373900,0.15,0.15
1616374800,0.15,0.15
1616375700,0.15,0.15
1616376600,0.15,0.15
1616377500,0.15,0.15
1616378400,0.15,0.15
1616379300,0.15,0.15
1616380200,0.15,0.15
1616381100,0.15,0.15
1616382000,0.15,0.15
1616382900,0.15,0.15
1616383800,0.15,0.15
1616384700,0.15,0.15
1616385600,0.15,0.15
1616386500,0.15,0.15
1616387400,0.15,0.15
1616388300,0.15,0.15
1616389200,0.15,0.15
1616390100,0.15,0.15
1616391000,0.15,0.15
1616391900,0.15,0.15
1616392800,0.15,0.15
1616393700,0.15,0.15
1616394600,0.15,0.15
1616395500,0.15,0.15
1616396400,0.15,0.15
1616397300,0.15,0.15
1616398200,0.15,0.15
1616399100,0.15,0.15
1616400000,0.15,0.15
1616400900,0.15,0.15
1616401800,0.15,0.15
1616402700,0.15,0.15
1616403600,0.15,0.15
1616404500,0.15,0.15
1616405400,0.15,0.15
1616406300,0.15,0.15
1616407200,0.15,0.15
1616408100,0.15,0.15
1616409000,0.15,0.15
1616409900,0.15,0.15
1616410800,0.15,0.15
1616411700,0.15,0.15
1616412600,0.15,0.15
1616413500,0.15,0.15
1616414400,0.15,0.15
1616415300,0.15,0.15
1616416200,0.15,0.15
1616417100,0.15,0.15
1616418000,0.15,0.15
1616418900,0.15,0.15
1616419800,0.15,0.15
1616420700,0.15,0.15
1616421600,0.15,0.15
1616422500,0.15,0.15
1616423400,0.15,0.15
1616424300,0.15,0.15
1616425200,0.15,0.15
1616426100,0.15,0.15
1616427000,0.15,0.15
1616427900,0.15,0.15
1616428800,0.15,0.15
1616429700,0.15,0.15
1616430600,0.15,0.15
1616431500,0.15,0.15
1616432400,0.15,0.15
1616433300,0.15,0.15
1616434200,0.15,0.15
1616435100,0.15,0.15
1616436000,0.15,0.15
1616436900,0.15,0.15
1616437800,0.15,0.15
1616438700,0.15,0.15
1616439600,0.15,0.15
1616440500,0.15,0.15
1616441400,0.15,0.15
1616442300,0.15,0.15
1616443200,0.15,0.15
1616444100,0.15,0.15
1616445000,0.15,0.15
1616445900,0.15,0.15
1616446800,0.15,0.15
1616447700,0.15,0.15
1616448600,0.15,0.15
1616449500,0.15,0.15
1616450400,0.15,0.15
1616451300,0.15,0.15
1616452200,0.15,0.15
1616453100,0.15,0.15
1616454000,0.15,0.15
1616454900,0.15,0.15
1616455800,0.15,0.15
1616456700,0.15,0.15
1616457600,0.15,0.15
1616458500,0.15,0.15
1616459400,0.15,0.15
1616460300,0.15,0.15
1616461200,0.15,0.15
1616462100,0.15,0.15
1616463000,0.15,0.15
1616463900,0.15,0.15
1616464800,0.15,0.15
1616465700,0.15,0.15
1616466600,0.15,0.15
1616467500,0.15,0.15
1616468400,0.15,0.15
1616469300,0.15,0.15
1616470200,0.15,0.15
1616471100,0.15,0.15
1616472000,0.15,0.15
1616472900,0.15,0.15
1616473800,0.15,0.15
1616474700,0.15,0.15
1616475600,0.15,0.15
1616476500,0.15,0.15
1616477400,0.15,0.15
1616478300,0.15,0.15
1616479200,0.15,0.15
1616480100,0.15,0.15
1616481000,0.15,0.15
1616481900,0.15,0.15
1616482800,0.15,0.15
1616483700,0.15,0.15
1616484600,0.15,0.15
1616485500,0.15,0.15
1616486400,0.15,0.15
1616487300,0.15,0.15
1616488200,0.15,0.15
1616489100,0.15,0.15
1616490000,0.15,0.15
1616490900,0.15,0.15
1616491800,0.15,0.15
1616492700,0.15,0.15
1616493600,0.15,0.15
1616494500,0.15,0.15
1616495400,0.15,0.15
1616496300,0.15,0.15
1616497200,0.15,0.15
1616498100,0.15,0.15
1616499000,0.15,0.15
1616499900,0.15,0.15
1616500800,0.15,0.15
1616501700,0.15,0.15
1616502600,0.15,0.15
1616503500,0.15,0.15
1616504400,0.15,0.15
1616505300,0.15,0.15
1616506200,0.15,0.15
1616507100,0.15,0.15
1616508000,0.15,0.15
1616508900,0.15,0.15
1616509800,0.15,0.15
1616510700,0.15,0.15
1616511600,0.15,0.15
1616512500,0.15,0.15
1616513400,0.15,0.15
1616514300,0.15,0.15
1616515200,0.15,0.15
1616516100,0.15,0.15
1616517000,0.15,0.15
1616517900,0.15,0.15
1616518800,0.15,0.15
1616519700,0.15,0.15
1616520600,0.15,0.15
1616521500,0.15,0.15
1616522400,0.15,0.15
1616523300,0.15,0.15
1616524200,0.15,0.15
1616525100,0.15,0.15
1616526000,0.15,0.15
1616526900,0.15,0.15
1616527800,0.15,0.15
1616528700,0.15,0.15
1616529600,0.15,0.15
1616530500,0.15,0.15
1616531400,0.15,0.15
1616532300,0.15,0.15
1616533200,0.15,0.15
1616534100,0.15,0.15
1616535000,0.15,0.15
1616535900,0.15,0.15
1616536800,0.15,0.15
1616537700,0.15,0.15
1616538600,0.15,0.15
1616539500,0.15,0.15
1616540400,0.15,0.15
1616541300,0.15,0.15
1616542200,0.15,0.15
1616543100,0.15,0.15
1616544000,0.15,0.15
1616544900,0.15,0.15
1616545800,0.15,0.15
1616546700,0.15,0.15
1616547600,0.15,0.15
1616548500,0.15,0.15
1616549400,0.15,0.15
1616550300,0.15,0.15
1616551200,0.15,0.15
1616552100,0.15,0.15
1616553000,0.15,0.15
1616553900,0.15,0.15
1616554800,0.15,0.15
1616555700,0.15,0.15
1616556600,0.15,0.15
1616557500,0.15,0.15
1616558400,0.15,0.15
1616559300,0.15,0.15
1616560200,0.15,0.15
1616561100,0.15,0.15
1616562000,0.15,0.15
1616562900,0.15,0.15
1616563800,0.15,0.15
1616564700,0.15,0.15
1616565600,0.15,0.15
1616566500,0.15,0.15
1616567400,0.15,0.15
1616568300,0.15,0.15
1616569200,0.15,0.15
1616570100,0.15,0.15
1616571000,0.15,0.15
1616571900,0.15,0.15
1616572800,0.15,0.15
1616573700,0.15,0.15
1616574600,0.15,0.15
1616575500,0.15,0.15
1616576400,0.15,0.15
1616577300,0.15,0.15
1616578200,0.15,0.15
1616579100,0.15,0.15
1616580000,0.15,0.15
1616580900,0.15,0.15
1616581800,0.15,0.15
1616582700,0.15,0.15
1616583600,0.15,0.15
1616584500,0.15,0.15
1616585400,0.15,0.15
1616586300,0.15,0.15
1616587200,0.15,0.15
1616588100,0.15,0.15
1616589000,0.15,0.15
1616589900,0.15,0.15
1616590800,0.15,0.15
1616591700,0.15,0.15
1616592600,0.15,0.15
1616593500,0.15,0.15
1616594400,0.15,0.15
1616595300,0.15,0.15
1616596200,0.15,0.15
1616597100,0.15,0.15
1616598000,0.15,0.15
1616598900,0.15,0.15
1616599800,0.15,0.15
1616600700,0.15,0.15
1616601600,0.15,0.15
1616602500,0.15,0.15
1616603400,0.15,0.15
1616604300,0.15,0.15
1616605200,0.15,0.15
1616606100,0.15,0.15
1616607000,0.15,0.15
1616607900,0.15,0.15
1616608800,0.15,0.15
1616609700,0.15,0.15
1616610600,0.15,0.15
1616611500,0.15,0.15
1616612400,0.15,0.15
1616613300,0.15,0.15
1616614200,0.15,0.15
1616615100,0.15,0.15
1616616000,0.15,0.15
1616616900,0.15,0.15
1616617800,0.15,0.15
1616618700,0.15,0.15
1616619600,0.15,0.15
1616620500,0.15,0.15
1616621400,0.15,0.15
1616622300,0.15,0.15
1616623200,0.15,0.15
1616624100,0.15,0.15
1616625000,0.15,0.15
1616625900,0.15,0.15
1616626800,0.15,0.15
1616627700,0.15,0.15
1616628600,0.15,0.15
1616629500,0.15,0.15
1616630400,0.15,0.15
1616631300,0.15,0.15
1616632200,0.15,0.15
1616633100,0.15,0.15
1616634000,0.15,0.15
1616634900,0.15,0.15
1616635800,0.15,0.15
1616636700,0.15,0.15
1616637600,0.15,0.15
1616638500,0.15,0.15
1616639400,0.15,0.15
1616640300,0.15,0.15
1616641200,0.15,0.15
1616642100,0.15,0.15
1616643000,0.15,0.15
1616643900,0.15,0.15
1616644800,0.15,0.15
1616645700,0.15,0.15
1616646600,0.15,0.15
1616647500,0.15,0.15
1616648400,0.15,0.15
1616649300,0.15,0.15
1616650200,0.15,0.15
1616651100,0.15,0.15
1616652000,0.15,0.15
1616652900,0.15,0.15
1616653800,0.15,0.15
1616654700,0.15,0.15
1616655600,0.15,0.15
1616656500,0.15,0.15
1616657400,0.15,0.15
1616658300,0.15,0.15
1616659200,0.15,0.15
1616660100,0.15,0.15
1616661000,0.15,0.15
1616661900,0.15,0.15
1616662800,0.15,0.15
1616663700,0.15,0.15
1616664600,0.15,0.15
1616665500,0.15,0.15
1616666400,0.15,0.15
1616667300,0.15,0.15
1616668200,0.15,0.15
1616669100,0.15,0.15
1616670000,0.15,0.15
1616670900,0.15,0.15
1616671800,0.15,0.15
1616672700,0.15,0.15
1616673600,0.15,0.15
1616674500,0.15,0.15
1616675400,0.15,0.15
1616676300,0.15,0.15
1616677200,0.15,0.15
1616678100,0.15,0.15
1616679000,0.15,0.15
1616679900,0.15,0.15
1616680800,0.15,0.15
1616681700,0.15,0.15
1616682600,0.15,0.15
1616683500,0.15,0.15
1616684400,0.15,0.15
1616685300,0.15,0.15
1616686200,0.15,0.15
1616687100,0.15,0.15
1616688000,0.15,0.15
1616688900,0.15,0.15
1616689800,0.15,0.15
1616690700,0.15,0.15
1616691600,0.15,0.15
1616692500,0.15,0.15
1616693400,0.15,0.15
1616694300,0.15,0.15
1616695200,0.15,0.15
1616696100,0.15,0.15
1616697000,0.15,0.15
1616697900,0.15,0.15
1616698800,0.15,0.15
1616699700,0.15,0.15
1616700600,0.15,0.15
1616701500,0.15,0.15
1616702400,0.15,0.15
1616703300,0.15,0.15
1616704200,0.15,0.15
1616705100,0.15,0.15
1616706000,0.15,0.15
1616706900,0.15,0.15
1616707800,0.15,0.15
1616708700,0.15,0.15
1616709600,0.15,0.15
1616710500,0.15,0.15
1616711400,0.15,0.15
1616712300,0.15,0.15
1616713200,0.15,0.15
1616714100,0.15,0.15
1616715000,0.15,0.15
1616715900,0.15,0.15
1616716800,0.15,0.15
1616717700,0.15,0.15
1616718600,0.15,0.15
1616719500,0.15,0.15
1616720400,0.15,0.15
1616721300,0.15,0.15
1616722200,0.15,0.15
1616723100,0.15,0.15
1616724000,0.15,0.15
1616724900,0.15,0.15
1616725800,0.15,0.15
1616726700,0.15,0.15
1616727600,0.15,0.15
1616728500,0.15,0.15
1616729400,0.15,0.15
1616730300,0.15,0.15
1616731200,0.15,0.15
1616732100,0.15,0.15
1616733000,0.15,0.15
1616733900,0.15,0.15
1616734800,0.15,0.15
1616735700,0.15,0.15
1616736600,0.15,0.15
1616737500,0.15,0.15
1616738400,0.15,0.15
1616739300,0.15,0.15
1616740200,0.15,0.15
1616741100,0.15,0.15
1616742000,0.15,0.15
1616742900,0.15,0.15
1616743800,0.15,0.15
1616744700,0.15,0.15
1616745600,0.15,0.15
1616746500,0.15,0.15
1616747400,0.15,0.15
1616748300,0.15,0.15
1616749200,0.15,0.15
1616750100,0.15,0.15
1616751000,0.15,0.15
1616751900,0.15,0.15
1616752800,0.15,0.15
1616753700,0.15,0.15
1616754600,0.15,0.15
1616755500,0.15,0.15
1616756400,0.15,0.15
1616757300,0.15,0.15
1616758200,0.15,0.15
1616759100,0.15,0.15
1616760000,0.15,0.15
1616760900,0.15,0.15
1616761800,0.15,0.15
1616762700,0.15,0.15
1616763600,0.15,0.15
1616764500,0.15,0.15
1616765400,0.15,0.15
1616766300,0.15,0.15
1616767200,0.15,0.15
1616768100,0.15,0.15
1616769000,0.15,0.15
1616769900,0.15,0.15
1616770800,0.15,0.15
1616771700,0.15,0.15
1616772600,0.15,0.15
1616773500,0.15,0.15
1616774400,0.15,0.15
1616775300,0.15,0.15
1616776200,0.15,0.15
1616777100,0.15,0.15
1616778000,0.15,0.15
1616778900,0.15,0.15
1616779800,0.15,0.15
1616780700,0.15,0.15
1616781600,0.15,0.15
1616782500,0.15,0.15
1616783400,0.15,0.15
1616784300,0.15,0.15
1616785200,0.15,0.15
1616786100,0.15,0.15
1616787000,0.15,0.15
1616787900,0.15,0.15
1616788800,0.15,0.15
1616789700,0.15,0.15
1616790600,0.15,0.15
1616791500,0.15,0.15
1616792400,0.15,0.15
1616793300,0.15,0.15
1616794200,0.15,0.15
1616795100,0.15,0.15
1616796000,0.15,0.15
1616796900,0.15,0.15
1616797800,0.15,0.15
1616798700,0.15,0.15
1616799600,0.15,0.15
1616800500,0.15,0.15
1616801400,0.15,0.15
1616802300,0.15,0.15
1616803200,0.15,0.15
1616804100,0.15,0.15
1616805000,0.15,0.15
1616805900,0.15,0.15
1616806800,0.15,0.15
1616807700,0.15,0.15
1616808600,0.15,0.15
1616809500,0.15,0.15
1616810400,0.15,0.15
1616811300,0.15,0.15
1616812200,0.15,0.15
1616813100,0.15,0.15
1616814000,0.15,0.15
1616814900,0.15,0.15
1616815800,0.15,0.15
1616816700,0.15,0.15
1616817600,0.15,0.15
1616818500,0.15,0.15
1616819400,0.15,0.15
1616820300,0.15,0.15
1616821200,0.15,0.15
1616822100,0.15,0.15
1616823000,0.15,0.15
1616823900,0.15,0.15
1616824800,0.15,0.15
1616825700,0.15,0.15
1616826600,0.15,0.15
1616827500,0.15,0.15
1616828400,0.15,0.15
1616829300,0.15,0.15
1616830200,0.15,0.15
1616831100,0.15,0.15
1616832000,0.15,0.15
1616832900,0.15,0.15
1616833800,0.15,0.15
1616834700,0.15,0.15
1616835600,0.15,0.15
1616836500,0.15,0.15
1616837400,0.15,0.15
1616838300,0.15,0.15
1616839200,0.15,0.15
1616840100,0.15,0.15
1616841000,0.15,0.15
1616841900,0.15,0.15
1616842800,0.15,0.15
1616843700,0.15,0.15
1616844600,0.15,0.15
1616845500,0.15,0.15
1616846400,0.15,0.15
1616847300,0.15,0.15
1616848200,0.15,0.15
1616849100,0.15,0.15
1616850000,0.15,0.15
1616850900,0.15,0.15
1616851800,0.15,0.15
1616852700,0.15,0.15
1616853600,0.15,0.15
1616854500,0.15,0.15
1616855400,0.15,0.15
1616856300,0.15,0.15
1616857200,0.15,0.15
1616858100,0.15,0.15
1616859000,0.15,0.15
1616859900,0.15,0.15
1616860800,0.15,0.15
1616861700,0.15,0.15
1616862600,0.15,0.15
1616863500,0.15,0.15
1616864400,0.15,0.15
1616865300,0.15,0.15
1616866200,0.15,0.15
1616867100,0.15,0.15
1616868000,0.15,0.15
1616868900,0.15,0.15
1616869800,0.15,0.15
1616870700,0.15,0.15
1616871600,0.15,0.15
1616872500,0.15,0.15
1616873400,0.15,0.15
1616874300,0.15,0.15
1616875200,0.15,0.15
1616876100,0.15,0.15
1616877000,0.15,0.15
1616877900,0.15,0.15
1616878800,0.15,0.15
1616879700,0.15,0.15
1616880600,0.15,0.15
1616881500,0.15,0.15
1616882400,0.15,0.15
1616883300,0.15,0.15
1616884200,0.15,0.15
1616885100,0.15,0.15
1616886000,0.15,0.15
1616886900,0.15,0.15
1616887800,0.15,0.15
1616888700,0.15,0.15
1616889600,0.15,0.15
1616890500,0.15,0.15
1616891400,0.15,0.15
1616892300,0.15,0.15
1616893200,0.15,0.15
1616894100,0.15,0.15
1616895000,0.15,0.15
1616895900,0.15,0.15
1616896800,0.15,0.15
1616897700,0.15,0.15
1616898600,0.15,0.15
1616899500,0.15,0.15
1616900400,0.15,0.15
1616901300,0.15,0.15
1616902200,0.15,0.15
1616903100,0.15,0.15
1616904000,0.15,0.15
1616904900,0.15,0.15
1616905800,0.15,0.15
1616906700,0.15,0.15
1616907600,0.15,0.15
1616908500,0.15,0.15
1616909400,0.15,0.15
1616910300,0.15,0.15
1616911200,0.15,0.15
1616912100,0.15,0.15
1616913000,0.15,0.15
1616913900,0.15,0.15
1616914800,0.15,0.15
1616915700,0.15,0.15
1616916600,0.15,0.15
1616917500,0.15,0.15
1616918400,0.15,0.15
1616919300,0.15,0.15
1616920200,0.15,0.15
1616921100,0.15,0.15
1616922000,0.15,0.15
1616922900,0.15,0.15
1616923800,0.15,0.15
1616924700,0.15,0.15
1616925600,0.15,0.15
1616926500,0.15,0.15
1616927400,0.15,0.15
1616928300,0.15,0.15
1616929200,0.15,0.15
1616930100,0.15,0.15
1616931000,0.15,0.15
1616931900,0.15,0.15
1616932800,0.15,0.15
1616933700,0.15,0.15
1616934600,0.15,0.15
1616935500,0.15,0.15
1616936400,0.15,0.15
1616937300,0.15,0.15
1616938200,0.15,0.15
1616939100,0.15,0.15
1616940000,0.15,0.15
1616940900,0.15,0.15
1616941800,0.15,0.15
1616942700,0.15,0.15
1616943600,0.15,0.15
1616944500,0.15,0.15
1616945400,0.15,0.15
1616946300,0.15,0.15
1616947200,0.15,0.15
1616948100,0.15,0.15
1616949000,0.15,0.15
1616949900,0.15,0.15
1616950800,0.15,0.15
1616951700,0.15,0.15
1616952600,0.15,0.15
1616953500,0.15,0.15
1616954400,0.15,0.15
1616955300,0.15,0.15
1616956200,0.15,0.15
1616957100,0.15,0.15
1616958000,0.15,0.15
1616958900,0.15,0.15
1616959800,0.15,0.15
1616960700,0.15,0.15
1616961600,0.15,0.15
1616962500,0.15,0.15
1616963400,0.15,0.15
1616964300,0.15,0.15
1616965200,0.15,0.15
1616966100,0.15,0.15
1616967000,0.15,0.15
1616967900,0.15,0.15
1616968800,0.15,0.15
1616969700,0.15,0.15
1616970600,0.15,0.15
1616971500,0.15,0.15
1616972400,0.15,0.15
1616973300,0.15,0.15
1616974200,0.15,0.15
1616975100,0.15,0.15
1616976000,0.15,0.15
1616976900,0.15,0.15
1616977800,0.15,0.15
1616978700,0.15,0.15
1616979600,0.15,0.15
1616980500,0.15,0.15
1616981400,0.15,0.15
1616982300,0.15,0.15
1616983200,0.15,0.15
1616984100,0.15,0.15
1616985000,0.15,0.15
1616985900,0.15,0.15
1616986800,0.15,0.15
1616987700,0.15,0.15
1616988600,0.15,0.15
1616989500,0.15,0.15
1616990400,0.15,0.15
1616991300,0.15,0.15
1616992200,0.15,0.15
1616993100,0.15,0.15
1616994000,0.15,0.15
1616994900,0.15,0.15
1616995800,0.15,0.15
1616996700,0.15,0.15
1616997600,0.15,0.15
1616998500,0.15,0.15
1616999400,0.15,0.15
1617000300,0.15,0.15
1617001200,0.15,0.15
1617002100,0.15,0.15
1617003000,0.15,0.15
1617003900,0.15,0.15
1617004800,0.15,0.15
1617005700,0.15,0.15
1617006600,0.15,0.15
1617007500,0.15,0.15
1617008400,0.15,0.15
1617009300,0.15,0.15
1617010200,0.15,0.15
1617011100,0.15,0.15
1617012000,0.15,0.15
1617012900,0.15,0.15
1617013800,0.15,0.15
1617014700,0.15,0.15
1617015600,0.15,0.15
1617016500,0.15,0.15
1617017400,0.15,0.15
1617018300,0.15,0.15
1617019200,0.15,0.15
1617020100,0.15,0.15
1617021000,0.15,0.15
1617021900,0.15,0.15
1617022800,0.15,0.15
1617023700,0.15,0.15
1617024600,0.15,0.15
1617025500,0.15,0.15
1617026400,0.15,0.15
1617027300,0.15,0.15
1617028200,0.15,0.15
1617029100,0.15,0.15
1617030000,0.15,0.15
1617030900,0.15,0.15
1617031800,0.15,0.15
1617032700,0.15,0.15
1617033600,0.15,0.15
1617034500,0.15,0.15
1617035400,0.15,0.15
1617036300,0.15,0.15
1617037200,0.15,0.15
1617038100,0.15,0.15
1617039000,0.15,0.15
1617039900,0.15,0.15
1617040800,0.15,0.15
1617041700,0.15,0.15
1617042600,0.15,0.15
1617043500,0.15,0.15
1617044400,0.15,0.15
1617045300,0.15,0.15
1617046200,0.15,0.15
1617047100,0.15,0.15
1617048000,0.15,0.15
1617048900,0.15,0.15
1617049800,0.15,0.15
1617050700,0.15,0.15
1617051600,0.15,0.15
1617052500,0.15,0.15
1617053400,0.15,0.15
1617054300,0.15,0.15
1617055200,0.15,0.15
1617056100,0.15,0.15
1617057000,0.15,0.15
1617057900,0.15,0.15
1617058800,0.15,0.15
1617059700,0.15,0.15
1617060600,0.15,0.15
1617061500,0.15,0.15
1617062400,0.15,0.15
1617063300,0.15,0.15
1617064200,0.15,0.15
1617065100,0.15,0.15
1617066000,0.15,0.15
1617066900,0.15,0.15
1617067800,0.15,0.15
1617068700,0.15,0.15
1617069600,0.15,0.15
1617070500,0.15,0.15
1617071400,0.15,0.15
1617072300,0.15,0.15
1617073200,0.15,0.15
1617074100,0.15,0.15
1617075000,0.15,0.15
1617075900,0.15,0.15
1617076800,0.15,0.15
1617077700,0.15,0.15
1617078600,0.15,0.15
1617079500,0.15,0.15
1617080400,0.15,0.15
1617081300,0.15,0.15
1617082200,0.15,0.15
1617083100,0.15,0.15
1617084000,0.15,0.15
1617084900,0.15,0.15
1617085800,0.15,0.15
1617086700,0.15,0.15
1617087600,0.15,0.15
1617088500,0.15,0.15
1617089400,0.15,0.15
1617090300,0.15,0.15
1617091200,0.15,0.15
1617092100,0.15,0.15
1617093000,0.15,0.15
1617093900,0.15,0.15
1617094800,0.15,0.15
1617095700,0.15,0.15
1617096600,0.15,0.15
1617097500,0.15,0.15
1617098400,0.15,0.15
1617099300,0.15,0.15
1617100200,0.15,0.15
1617101100,0.15,0.15
1617102000,0.15,0.15
1617102900,0.15,0.15
1617103800,0.15,0.15
1617104700,0.15,0.15
1617105600,0.15,0.15
1617106500,0.15,0.15
1617107400,0.15,0.15
1617108300,0.15,0.15
1617109200,0.15,0.15
1617110100,0.15,0.15
1617111000,0.15,0.15
1617111900,0.15,0.15
1617112800,0.15,0.15
1617113700,0.15,0.15
1617114600,0.15,0.15
1617115500,0.15,0.15
1617116400,0.15,0.15
1617117300,0.15,0.15
1617118200,0.15,0.15
1617119100,0.15,0.15
1617120000,0.15,0.15
1617120900,0.15,0.15
1617121800,0.15,0.15
1617122700,0.15,0.15
1617123600,0.15,0.15
1617124500,0.15,0.15
1617125400,0.15,0.15
1617126300,0.15,0.15
1617127200,0.15,0.15
1617128100,0.15,0.15
1617129000,0.15,0.15
1617129900,0.15,0.15
1617130800,0.15,0.15
1617131700,0.15,0.15
1617132600,0.15,0.15
1617133500,0.15,0.15
1617134400,0.15,0.15
1617135300,0.15,0.15
1617136200,0.15,0.15
1617137100,0.15,0.15
1617138000,0.15,0.15
1617138900,0.15,0.15
1617139800,0.15,0.15
1617140700,0.15,0.15
1617141600,0.15,0.15
1617142500,0.15,0.15
1617143400,0.15,0.15
1617144300,0.15,0.15
1617145200,0.15,0.15
1617146100,0.15,0.15
1617147000,0.15,0.15
1617147900,0.15,0.15
1617148800,0.15,0.15
1617149700,0.15,0.15
1617150600,0.15,0.15
1617151500,0.15,0.15
1617152400,0.15,0.15
1617153300,0.15,0.15
1617154200,0.15,0.15
1617155100,0.15,0.15
1617156000,0.15,0.15
1617156900,0.15,0.15
1617157800,0.15,0.15
1617158700,0.15,0.15
1617159600,0.15,0.15
1617160500,0.15,0.15
1617161400,0.15,0.15
1617162300,0.15,0.15
1617163200,0.15,0.15
1617164100,0.15,0.15
1617165000,0.15,0.15
1617165900,0.15,0.15
1617166800,0.15,0.15
1617167700,0.15,0.15
1617168600,0.15,0.15
1617169500,0.15,0.15
1617170400,0.15,0.15
1617171300,0.15,0.15
1617172200,0.15,0.15
1617173100,0.15,0.15
1617174000,0.15,0.15
1617174900,0.15,0.15
1617175800,0.15,0.15
1617176700,0.15,0.15
1617177600,0.15,0.15
1617178500,0.15,0.15
1617179400,0.15,0.15
1617180300,0.15,0.15
1617181200,0.15,0.15
1617182100,0.15,0.15
1617183000,0.15,0.15
1617183900,0.15,0.15
1617184800,0.15,0.15
1617185700,0.15,0.15
1617186600,0.15,0.15
1617187500,0.15,0.15
1617188400,0.15,0.15
1617189300,0.15,0.15
1617190200,0.15,0.15
1617191100,0.15,0.15
1617192000,0.15,0.15
1617192900,0.15,0.15
1617193800,0.15,0.15
1617194700,0.15,0.15
1617195600,0.15,0.15
1617196500,0.15,0.15
1617197400,0.15,0.15
1617198300,0.15,0.15
1617199200,0.15,0.15
1617200100,0.15,0.15
1617201000,0.15,0.15
1617201900,0.15,0.15
1617202800,0.15,0.15
1617203700,0.15,0.15
1617204600,0.15,0.15
1617205500,0.15,0.15
1617206400,0.15,0.15
1617207300,0.15,0.15
1617208200,0.15,0.15
1617209100,0.15,0.15
1617210000,0.15,0.15
1617210900,0.15,0.15
1617211800,0.15,0.15
1617212700,0.15,0.15
1617213600,0.15,0.15
1617214500,0.15,0.15
1617215400,0.15,0.15
1617216300,0.15,0.15
1617217200,0.15,0.15
1617218100,0.15,0.15
1617219000,0.15,0.15
1617219900,0.15,0.15
1617220800,0.15,0.15
1617221700,0.15,0.15
1617222600,0.15,0.15
1617223500,0.15,0.15
1617224400,0.15,0.15
1617225300,0.15,0.15
1617226200,0.15,0.15
1617227100,0.15,0.15
