timestamp,availability,distance_driven
1613343600,1.0,0.0
1613344500,1.0,0.0
1613345400,1.0,0.0
1613346300,1.0,0.0
1613347200,1.0,0.0
1613348100,1.0,0.0
1613349000,1.0,0.0
1613349900,1.0,0.0
1613350800,1.0,0.0
1613351700,1.0,0.0
1613352600,1.0,0.0
1613353500,1.0,0.0
1613354400,1.0,0.0
1613355300,1.0,0.0
1613356200,1.0,0.0
1613357100,1.0,0.0
1613358000,1.0,0.0
1613358900,1.0,0.0
1613359800,1.0,0.0
1613360700,1.0,0.0
1613361600,1.0,0.0
1613362500,1.0,0.0
1613363400,1.0,0.0
1613364300,1.0,0.0
1613365200,1.0,0.0
1613366100,1.0,0.0
1613367000,1.0,0.0
1613367900,1.0,0.0
1613368800,1.0,0.0
1613369700,1.0,0.0
1613370600,1.0,0.0
1613371500,1.0,0.0
1613372400,1.0,0.0
1613373300,1.0,0.0
1613374200,0.0,0.0
1613375100,0.0,0.0
1613376000,0.0,0.0
1613376900,0.0,0.0
1613377800,0.0,0.0
1613378700,0.0,0.0
1613379600,0.0,0.0
1613380500,0.0,0.0
1613381400,0.0,0.0
1613382300,0.0,0.0
1613383200,0.0,0.0
1613384100,0.0,0.0
1613385000,0.0,0.0
1613385900,0.0,0.0
1613386800,0.0,0.0
1613387700,1.0,10.0
1613388600,1.0,0.0
1613389500,0.0,0.0
1613390400,0.0,0.0
1613391300,0.0,0.0
1613392200,0.0,0.0
1613393100,0.0,0.0
1613394000,0.0,0.0
1613394900,0.0,0.0
1613395800,0.0,0.0
1613396700,0.0,0.0
1613397600,0.0,0.0
1613398500,0.0,0.0
1613399400,0.0,0.0
1613400300,1.0,10.0
1613401200,1.0,0.0
1613402100,1.0,0.0
1613403000,1.0,0.0
1613403900,1.0,0.0
1613404800,1.0,0.0
1613405700,1.0,0.0
1613406600,1.0,0.0
1613407500,1.0,0.0
1613408400,1.0,0.0
1613409300,1.0,0.0
1613410200,1.0,0.0
1613411100,1.0,0.0
1613412000,1.0,0.0
1613412900,1.0,0.0
1613413800,1.0,0.0
1613414700,1.0,0.0
1613415600,1.0,0.0
1613416500,1.0,0.0
1613417400,1.0,0.0
1613418300,1.0,0.0
1613419200,1.0,0.0
1613420100,1.0,0.0
1613421000,1.0,0.0
1613421900,1.0,0.0
1613422800,1.0,0.0
1613423700,1.0,0.0
1613424600,1.0,0.0
1613425500,1.0,0.0
1613426400,1.0,0.0
1613427300,1.0,0.0
1613428200,1.0,0.0
1613429100,1.0,0.0
1613430000,1.0,0.0
1613430900,1.0,0.0
1613431800,1.0,0.0
1613432700,1.0,0.0
1613433600,1.0,0.0
1613434500,1.0,0.0
1613435400,1.0,0.0
1613436300,1.0,0.0
1613437200,1.0,0.0
1613438100,1.0,0.0
1613439000,1.0,0.0
1613439900,1.0,0.0
1613440800,1.0,0.0
1613441700,1.0,0.0
1613442600,1.0,0.0
1613443500,1.0,0.0
1613444400,1.0,0.0
1613445300,1.0,0.0
1613446200,1.0,0.0
1613447100,1.0,0.0
1613448000,1.0,0.0
1613448900,1.0,0.0
1613449800,1.0,0.0
1613450700,1.0,0.0
1613451600,1.0,0.0
1613452500,1.0,0.0
1613453400,1.0,0.0
1613454300,1.0,0.0
1613455200,1.0,0.0
1613456100,1.0,0.0
1613457000,1.0,0.0
1613457900,1.0,0.0
1613458800,1.0,0.0
1613459700,1.0,0.0
1613460600,0.0,0.0
1613461500,0.0,0.0
1613462400,0.0,0.0
1613463300,0.0,0.0
1613464200,0.0,0.0
1613465100,0.0,0.0
1613466000,0.0,0.0
1613466900,0.0,0.0
1613467800,0.0,0.0
1613468700,0.0,0.0
1613469600,0.0,0.0
1613470500,0.0,0.0
1613471400,0.0,0.0
1613472300,0.0,0.0
1613473200,0.0,0.0
1613474100,0.0,0.0
1613475000,0.0,0.0
1613475900,0.0,0.0
1613476800,0.0,0.0
1613477700,0.0,0.0
1613478600,0.0,0.0
1613479500,0.0,0.0
1613480400,0.0,0.0
1613481300,0.0,0.0
1613482200,0.0,0.0
1613483100,0.0,0.0
1613484000,0.0,0.0
1613484900,0.0,0.0
1613485800,0.0,0.0
1613486700,0.0,0.0
1613487600,0.0,0.0
1613488500,0.0,0.0
1613489400,0.0,0.0
1613490300,0.0,0.0
1613491200,0.0,0.0
1613492100,1.0,18.0
1613493000,0.0,0.0
1613493900,0.0,0.0
1613494800,0.0,0.0
1613495700,0.0,0.0
1613496600,0.0,0.0
1613497500,1.0,10.0
1613498400,1.0,0.0
1613499300,1.0,0.0
1613500200,1.0,0.0
1613501100,1.0,0.0
1613502000,1.0,0.0
1613502900,1.0,0.0
1613503800,1.0,0.0
1613504700,1.0,0.0
1613505600,1.0,0.0
1613506500,1.0,0.0
1613507400,1.0,0.0
1613508300,1.0,0.0
1613509200,1.0,0.0
1613510100,1.0,0.0
1613511000,1.0,0.0
1613511900,1.0,0.0
1613512800,1.0,0.0
1613513700,1.0,0.0
1613514600,1.0,0.0
1613515500,1.0,0.0
1613516400,1.0,0.0
1613517300,1.0,0.0
1613518200,1.0,0.0
1613519100,1.0,0.0
1613520000,1.0,0.0
1613520900,1.0,0.0
1613521800,1.0,0.0
1613522700,1.0,0.0
1613523600,1.0,0.0
1613524500,1.0,0.0
1613525400,1.0,0.0
1613526300,1.0,0.0
1613527200,1.0,0.0
1613528100,1.0,0.0
1613529000,1.0,0.0
1613529900,1.0,0.0
1613530800,1.0,0.0
1613531700,1.0,0.0
1613532600,1.0,0.0
1613533500,1.0,0.0
1613534400,1.0,0.0
1613535300,1.0,0.0
1613536200,1.0,0.0
1613537100,1.0,0.0
1613538000,1.0,0.0
1613538900,1.0,0.0
1613539800,1.0,0.0
1613540700,1.0,0.0
1613541600,1.0,0.0
1613542500,1.0,0.0
1613543400,1.0,0.0
1613544300,1.0,0.0
1613545200,1.0,0.0
1613546100,1.0,0.0
1613547000,0.0,0.0
1613547900,0.0,0.0
1613548800,0.0,0.0
1613549700,0.0,0.0
1613550600,0.0,0.0
1613551500,0.0,0.0
1613552400,0.0,0.0
1613553300,0.0,0.0
1613554200,0.0,0.0
1613555100,0.0,0.0
1613556000,0.0,0.0
1613556900,0.0,0.0
1613557800,0.0,0.0
1613558700,0.0,0.0
1613559600,0.0,0.0
1613560500,0.0,0.0
1613561400,0.0,0.0
1613562300,0.0,0.0
1613563200,0.0,0.0
1613564100,0.0,0.0
1613565000,0.0,0.0
1613565900,0.0,0.0
1613566800,0.0,0.0
1613567700,0.0,0.0
1613568600,0.0,0.0
1613569500,0.0,0.0
1613570400,0.0,0.0
1613571300,0.0,0.0
1613572200,0.0,0.0
1613573100,1.0,10.0
1613574000,0.0,0.0
1613574900,0.0,0.0
1613575800,0.0,0.0
1613576700,0.0,0.0
1613577600,0.0,0.0
1613578500,0.0,0.0
1613579400,0.0,0.0
1613580300,0.0,0.0
1613581200,0.0,0.0
1613582100,0.0,0.0
1613583000,1.0,24.0
1613583900,1.0,0.0
1613584800,1.0,0.0
1613585700,1.0,0.0
1613586600,1.0,0.0
1613587500,1.0,0.0
1613588400,1.0,0.0
1613589300,1.0,0.0
1613590200,1.0,0.0
1613591100,1.0,0.0
1613592000,1.0,0.0
1613592900,1.0,0.0
1613593800,1.0,0.0
1613594700,1.0,0.0
1613595600,1.0,0.0
1613596500,1.0,0.0
1613597400,1.0,0.0
1613598300,1.0,0.0
1613599200,1.0,0.0
1613600100,1.0,0.0
1613601000,1.0,0.0
1613601900,1.0,0.0
1613602800,1.0,0.0
1613603700,1.0,0.0
1613604600,1.0,0.0
1613605500,1.0,0.0
1613606400,1.0,0.0
1613607300,1.0,0.0
1613608200,1.0,0.0
1613609100,1.0,0.0
1613610000,1.0,0.0
1613610900,1.0,0.0
1613611800,1.0,0.0
1613612700,1.0,0.0
1613613600,1.0,0.0
1613614500,1.0,0.0
1613615400,1.0,0.0
1613616300,1.0,0.0
1613617200,1.0,0.0
1613618100,1.0,0.0
1613619000,1.0,0.0
1613619900,1.0,0.0
1613620800,1.0,0.0
1613621700,1.0,0.0
1613622600,1.0,0.0
1613623500,1.0,0.0
1613624400,1.0,0.0
1613625300,1.0,0.0
1613626200,1.0,0.0
1613627100,1.0,0.0
1613628000,1.0,0.0
1613628900,1.0,0.0
1613629800,1.0,0.0
1613630700,1.0,0.0
1613631600,1.0,0.0
1613632500,1.0,0.0
1613633400,0.0,0.0
1613634300,0.0,0.0
1613635200,0.0,0.0
1613636100,0.0,0.0
1613637000,0.0,0.0
1613637900,0.0,0.0
1613638800,0.0,0.0
1613639700,0.0,0.0
1613640600,0.0,0.0
1613641500,0.0,0.0
1613642400,0.0,0.0
1613643300,0.0,0.0
1613644200,0.0,0.0
1613645100,0.0,0.0
1613646000,0.0,0.0
1613646900,0.0,0.0
1613647800,0.0,0.0
1613648700,0.0,0.0
1613649600,0.0,0.0
1613650500,0.0,0.0
1613651400,0.0,0.0
1613652300,0.0,0.0
1613653200,0.0,0.0
1613654100,0.0,0.0
1613655000,0.0,0.0
1613655900,0.0,0.0
1613656800,0.0,0.0
1613657700,0.0,0.0
1613658600,0.0,0.0
1613659500,1.0,10.0
1613660400,1.0,0.0
1613661300,1.0,0.0
1613662200,1.0,0.0
1613663100,1.0,0.0
1613664000,0.0,0.0
1613664900,1.0,10.0
1613665800,1.0,0.0
1613666700,1.0,0.0
1613667600,1.0,0.0
1613668500,1.0,0.0
1613669400,1.0,0.0
1613670300,1.0,0.0
1613671200,1.0,0.0
1613672100,0.0,0.0
1613673000,0.0,0.0
1613673900,0.0,0.0
1613674800,0.0,0.0
1613675700,0.0,0.0
1613676600,0.0,0.0
1613677500,1.0,10.0
1613678400,1.0,0.0
1613679300,1.0,0.0
1613680200,1.0,0.0
1613681100,1.0,0.0
1613682000,1.0,0.0
1613682900,1.0,0.0
1613683800,1.0,0.0
1613684700,1.0,0.0
1613685600,1.0,0.0
1613686500,1.0,0.0
1613687400,1.0,0.0
1613688300,1.0,0.0
1613689200,1.0,0.0
1613690100,1.0,0.0
1613691000,1.0,0.0
1613691900,1.0,0.0
1613692800,1.0,0.0
1613693700,1.0,0.0
1613694600,1.0,0.0
1613695500,1.0,0.0
1613696400,1.0,0.0
1613697300,1.0,0.0
1613698200,1.0,0.0
1613699100,1.0,0.0
1613700000,1.0,0.0
1613700900,1.0,0.0
1613701800,1.0,0.0
1613702700,1.0,0.0
1613703600,1.0,0.0
1613704500,1.0,0.0
1613705400,1.0,0.0
1613706300,1.0,0.0
1613707200,1.0,0.0
1613708100,1.0,0.0
1613709000,1.0,0.0
1613709900,1.0,0.0
1613710800,1.0,0.0
1613711700,1.0,0.0
1613712600,1.0,0.0
1613713500,1.0,0.0
1613714400,1.0,0.0
1613715300,1.0,0.0
1613716200,0.0,0.0
1613717100,0.0,0.0
1613718000,0.0,0.0
1613718900,0.0,0.0
1613719800,0.0,0.0
1613720700,0.0,0.0
1613721600,0.0,0.0
1613722500,0.0,0.0
1613723400,0.0,0.0
1613724300,0.0,0.0
1613725200,0.0,0.0
1613726100,0.0,0.0
1613727000,0.0,0.0
1613727900,0.0,0.0
1613728800,0.0,0.0
1613729700,0.0,0.0
1613730600,0.0,0.0
1613731500,0.0,0.0
1613732400,0.0,0.0
1613733300,0.0,0.0
1613734200,0.0,0.0
1613735100,0.0,0.0
1613736000,0.0,0.0
1613736900,0.0,0.0
1613737800,0.0,0.0
1613738700,0.0,0.0
1613739600,0.0,0.0
1613740500,0.0,0.0
1613741400,0.0,0.0
1613742300,0.0,0.0
1613743200,0.0,0.0
1613744100,0.0,0.0
1613745000,0.0,0.0
1613745900,0.0,0.0
1613746800,1.0,10.0
1613747700,1.0,0.0
1613748600,1.0,0.0
1613749500,1.0,0.0
1613750400,1.0,0.0
1613751300,1.0,0.0
1613752200,1.0,0.0
1613753100,1.0,0.0
1613754000,1.0,0.0
1613754900,1.0,0.0
1613755800,1.0,0.0
1613756700,1.0,0.0
1613757600,1.0,0.0
1613758500,1.0,0.0
1613759400,1.0,0.0
1613760300,1.0,0.0
1613761200,1.0,0.0
1613762100,1.0,0.0
1613763000,1.0,0.0
1613763900,1.0,0.0
1613764800,1.0,0.0
1613765700,1.0,0.0
1613766600,1.0,0.0
1613767500,1.0,0.0
1613768400,1.0,0.0
1613769300,1.0,0.0
1613770200,1.0,0.0
1613771100,1.0,0.0
1613772000,1.0,0.0
1613772900,1.0,0.0
1613773800,1.0,0.0
1613774700,1.0,0.0
1613775600,1.0,0.0
1613776500,1.0,0.0
1613777400,1.0,0.0
1613778300,1.0,0.0
1613779200,1.0,0.0
1613780100,1.0,0.0
1613781000,1.0,0.0
1613781900,1.0,0.0
1613782800,1.0,0.0
1613783700,1.0,0.0
1613784600,1.0,0.0
1613785500,1.0,0.0
1613786400,1.0,0.0
1613787300,1.0,0.0
1613788200,1.0,0.0
1613789100,1.0,0.0
1613790000,1.0,0.0
1613790900,1.0,0.0
1613791800,1.0,0.0
1613792700,1.0,0.0
1613793600,1.0,0.0
1613794500,1.0,0.0
1613795400,1.0,0.0
1613796300,1.0,0.0
1613797200,1.0,0.0
1613798100,1.0,0.0
1613799000,1.0,0.0
1613799900,1.0,0.0
1613800800,1.0,0.0
1613801700,1.0,0.0
1613802600,1.0,0.0
1613803500,1.0,0.0
1613804400,1.0,0.0
1613805300,1.0,0.0
1613806200,1.0,0.0
1613807100,1.0,0.0
1613808000,1.0,0.0
1613808900,1.0,0.0
1613809800,0.0,0.0
1613810700,0.0,0.0
1613811600,0.0,0.0
1613812500,1.0,10.0
1613813400,1.0,0.0
1613814300,1.0,0.0
1613815200,1.0,0.0
1613816100,1.0,0.0
1613817000,1.0,0.0
1613817900,1.0,0.0
1613818800,1.0,0.0
1613819700,1.0,0.0
1613820600,1.0,0.0
1613821500,1.0,0.0
1613822400,1.0,0.0
1613823300,1.0,0.0
1613824200,1.0,0.0
1613825100,1.0,0.0
1613826000,1.0,0.0
1613826900,1.0,0.0
1613827800,1.0,0.0
1613828700,1.0,0.0
1613829600,1.0,0.0
1613830500,1.0,0.0
1613831400,1.0,0.0
1613832300,1.0,0.0
1613833200,1.0,0.0
1613834100,1.0,0.0
1613835000,1.0,0.0
1613835900,1.0,0.0
1613836800,1.0,0.0
1613837700,1.0,0.0
1613838600,1.0,0.0
1613839500,1.0,0.0
1613840400,1.0,0.0
1613841300,1.0,0.0
1613842200,1.0,0.0
1613843100,1.0,0.0
1613844000,1.0,0.0
1613844900,1.0,0.0
1613845800,1.0,0.0
1613846700,1.0,0.0
1613847600,1.0,0.0
1613848500,1.0,0.0
1613849400,1.0,0.0
1613850300,1.0,0.0
1613851200,1.0,0.0
1613852100,1.0,0.0
1613853000,1.0,0.0
1613853900,1.0,0.0
1613854800,1.0,0.0
1613855700,1.0,0.0
1613856600,1.0,0.0
1613857500,1.0,0.0
1613858400,1.0,0.0
1613859300,1.0,0.0
1613860200,1.0,0.0
1613861100,1.0,0.0
1613862000,1.0,0.0
1613862900,1.0,0.0
1613863800,1.0,0.0
1613864700,1.0,0.0
1613865600,1.0,0.0
1613866500,1.0,0.0
1613867400,1.0,0.0
1613868300,1.0,0.0
1613869200,1.0,0.0
1613870100,1.0,0.0
1613871000,1.0,0.0
1613871900,1.0,0.0
1613872800,1.0,0.0
1613873700,1.0,0.0
1613874600,1.0,0.0
1613875500,1.0,0.0
1613876400,1.0,0.0
1613877300,1.0,0.0
1613878200,1.0,0.0
1613879100,1.0,0.0
1613880000,1.0,0.0
1613880900,1.0,0.0
1613881800,1.0,0.0
1613882700,1.0,0.0
1613883600,1.0,0.0
1613884500,1.0,0.0
1613885400,1.0,0.0
1613886300,1.0,0.0
1613887200,1.0,0.0
1613888100,1.0,0.0
1613889000,1.0,0.0
1613889900,1.0,0.0
1613890800,1.0,0.0
1613891700,1.0,0.0
1613892600,1.0,0.0
1613893500,1.0,0.0
1613894400,1.0,0.0
1613895300,1.0,0.0
1613896200,1.0,0.0
1613897100,1.0,0.0
1613898000,1.0,0.0
1613898900,0.0,0.0
1613899800,0.0,0.0
1613900700,0.0,0.0
1613901600,0.0,0.0
1613902500,0.0,0.0
1613903400,0.0,0.0
1613904300,1.0,10.0
1613905200,1.0,0.0
1613906100,1.0,0.0
1613907000,1.0,0.0
1613907900,1.0,0.0
1613908800,1.0,0.0
1613909700,1.0,0.0
1613910600,1.0,0.0
1613911500,1.0,0.0
1613912400,1.0,0.0
1613913300,1.0,0.0
1613914200,1.0,0.0
1613915100,1.0,0.0
1613916000,1.0,0.0
1613916900,1.0,0.0
1613917800,1.0,0.0
1613918700,1.0,0.0
1613919600,1.0,0.0
1613920500,1.0,0.0
1613921400,1.0,0.0
1613922300,1.0,0.0
1613923200,1.0,0.0
1613924100,1.0,0.0
1613925000,1.0,0.0
1613925900,1.0,0.0
1613926800,1.0,0.0
1613927700,1.0,0.0
1613928600,1.0,0.0
1613929500,1.0,0.0
1613930400,1.0,0.0
1613931300,1.0,0.0
1613932200,1.0,0.0
1613933100,1.0,0.0
1613934000,1.0,0.0
1613934900,1.0,0.0
1613935800,1.0,0.0
1613936700,1.0,0.0
1613937600,1.0,0.0
1613938500,1.0,0.0
1613939400,1.0,0.0
1613940300,1.0,0.0
1613941200,1.0,0.0
1613942100,1.0,0.0
1613943000,1.0,0.0
1613943900,1.0,0.0
1613944800,1.0,0.0
1613945700,1.0,0.0
1613946600,1.0,0.0
1613947500,1.0,0.0
1613948400,1.0,0.0
1613949300,1.0,0.0
1613950200,1.0,0.0
1613951100,1.0,0.0
1613952000,1.0,0.0
1613952900,1.0,0.0
1613953800,1.0,0.0
1613954700,1.0,0.0
1613955600,1.0,0.0
1613956500,1.0,0.0
1613957400,1.0,0.0
1613958300,1.0,0.0
1613959200,1.0,0.0
1613960100,1.0,0.0
1613961000,1.0,0.0
1613961900,1.0,0.0
1613962800,1.0,0.0
1613963700,1.0,0.0
1613964600,1.0,0.0
1613965500,1.0,0.0
1613966400,1.0,0.0
1613967300,1.0,0.0
1613968200,1.0,0.0
1613969100,1.0,0.0
1613970000,1.0,0.0
1613970900,1.0,0.0
1613971800,1.0,0.0
1613972700,1.0,0.0
1613973600,1.0,0.0
1613974500,1.0,0.0
1613975400,1.0,0.0
1613976300,1.0,0.0
1613977200,1.0,0.0
1613978100,1.0,0.0
1613979000,1.0,0.0
1613979900,1.0,0.0
1613980800,1.0,0.0
1613981700,1.0,0.0
1613982600,1.0,0.0
1613983500,1.0,0.0
1613984400,1.0,0.0
1613985300,1.0,0.0
1613986200,1.0,0.0
1613987100,1.0,0.0
1613988000,1.0,0.0
1613988900,1.0,0.0
1613989800,1.0,0.0
1613990700,1.0,0.0
1613991600,1.0,0.0
1613992500,1.0,0.0
1613993400,1.0,0.0
1613994300,1.0,0.0
1613995200,1.0,0.0
1613996100,1.0,0.0
1613997000,1.0,0.0
1613997900,1.0,0.0
1613998800,1.0,0.0
1613999700,1.0,0.0
1614000600,1.0,0.0
1614001500,1.0,0.0
1614002400,1.0,0.0
1614003300,1.0,0.0
1614004200,1.0,0.0
1614005100,1.0,0.0
1614006000,1.0,0.0
1614006900,1.0,0.0
1614007800,1.0,0.0
1614008700,1.0,0.0
1614009600,1.0,0.0
1614010500,1.0,0.0
1614011400,1.0,0.0
1614012300,1.0,0.0
1614013200,1.0,0.0
1614014100,1.0,0.0
1614015000,1.0,0.0
1614015900,1.0,0.0
1614016800,1.0,0.0
1614017700,1.0,0.0
1614018600,1.0,0.0
1614019500,1.0,0.0
1614020400,1.0,0.0
1614021300,1.0,0.0
1614022200,1.0,0.0
1614023100,1.0,0.0
1614024000,1.0,0.0
1614024900,1.0,0.0
1614025800,1.0,0.0
1614026700,1.0,0.0
1614027600,1.0,0.0
1614028500,1.0,0.0
1614029400,1.0,0.0
1614030300,1.0,0.0
1614031200,1.0,0.0
1614032100,1.0,0.0
1614033000,1.0,0.0
1614033900,1.0,0.0
1614034800,1.0,0.0
1614035700,1.0,0.0
1614036600,1.0,0.0
1614037500,1.0,0.0
1614038400,1.0,0.0
1614039300,1.0,0.0
1614040200,1.0,0.0
1614041100,1.0,0.0
1614042000,1.0,0.0
1614042900,1.0,0.0
1614043800,1.0,0.0
1614044700,1.0,0.0
1614045600,1.0,0.0
1614046500,1.0,0.0
1614047400,1.0,0.0
1614048300,1.0,0.0
1614049200,1.0,0.0
1614050100,1.0,0.0
1614051000,1.0,0.0
1614051900,1.0,0.0
1614052800,1.0,0.0
1614053700,1.0,0.0
1614054600,1.0,0.0
1614055500,1.0,0.0
1614056400,1.0,0.0
1614057300,1.0,0.0
1614058200,1.0,0.0
1614059100,1.0,0.0
1614060000,1.0,0.0
1614060900,1.0,0.0
1614061800,1.0,0.0
1614062700,1.0,0.0
1614063600,1.0,0.0
1614064500,1.0,0.0
1614065400,1.0,0.0
1614066300,1.0,0.0
1614067200,1.0,0.0
1614068100,1.0,0.0
1614069000,1.0,0.0
1614069900,1.0,0.0
1614070800,1.0,0.0
1614071700,1.0,0.0
1614072600,1.0,0.0
1614073500,1.0,0.0
1614074400,1.0,0.0
1614075300,1.0,0.0
1614076200,1.0,0.0
1614077100,1.0,0.0
1614078000,1.0,0.0
1614078900,1.0,0.0
1614079800,1.0,0.0
1614080700,1.0,0.0
1614081600,1.0,0.0
1614082500,1.0,0.0
1614083400,1.0,0.0
1614084300,1.0,0.0
1614085200,1.0,0.0
1614086100,1.0,0.0
1614087000,1.0,0.0
1614087900,1.0,0.0
1614088800,1.0,0.0
1614089700,1.0,0.0
1614090600,1.0,0.0
1614091500,1.0,0.0
1614092400,1.0,0.0
1614093300,1.0,0.0
1614094200,1.0,0.0
1614095100,1.0,0.0
1614096000,1.0,0.0
1614096900,1.0,0.0
1614097800,1.0,0.0
1614098700,1.0,0.0
1614099600,1.0,0.0
1614100500,1.0,0.0
1614101400,1.0,0.0
1614102300,1.0,0.0
1614103200,1.0,0.0
1614104100,1.0,0.0
1614105000,1.0,0.0
1614105900,1.0,0.0
1614106800,1.0,0.0
1614107700,1.0,0.0
1614108600,1.0,0.0
1614109500,1.0,0.0
1614110400,1.0,0.0
1614111300,1.0,0.0
1614112200,1.0,0.0
1614113100,1.0,0.0
1614114000,1.0,0.0
1614114900,1.0,0.0
1614115800,1.0,0.0
1614116700,1.0,0.0
1614117600,1.0,0.0
1614118500,1.0,0.0
1614119400,1.0,0.0
1614120300,1.0,0.0
1614121200,1.0,0.0
1614122100,1.0,0.0
1614123000,1.0,0.0
1614123900,1.0,0.0
1614124800,1.0,0.0
1614125700,1.0,0.0
1614126600,1.0,0.0
1614127500,1.0,0.0
1614128400,1.0,0.0
1614129300,1.0,0.0
1614130200,1.0,0.0
1614131100,1.0,0.0
1614132000,1.0,0.0
1614132900,1.0,0.0
1614133800,1.0,0.0
1614134700,1.0,0.0
1614135600,1.0,0.0
1614136500,1.0,0.0
1614137400,1.0,0.0
1614138300,1.0,0.0
1614139200,1.0,0.0
1614140100,1.0,0.0
1614141000,1.0,0.0
1614141900,1.0,0.0
1614142800,1.0,0.0
1614143700,1.0,0.0
1614144600,1.0,0.0
1614145500,1.0,0.0
1614146400,1.0,0.0
1614147300,1.0,0.0
1614148200,1.0,0.0
1614149100,1.0,0.0
1614150000,1.0,0.0
1614150900,1.0,0.0
1614151800,1.0,0.0
1614152700,1.0,0.0
1614153600,1.0,0.0
1614154500,1.0,0.0
1614155400,1.0,0.0
1614156300,1.0,0.0
1614157200,1.0,0.0
1614158100,1.0,0.0
1614159000,1.0,0.0
1614159900,1.0,0.0
1614160800,1.0,0.0
1614161700,1.0,0.0
1614162600,1.0,0.0
1614163500,1.0,0.0
1614164400,1.0,0.0
1614165300,1.0,0.0
1614166200,1.0,0.0
1614167100,1.0,0.0
1614168000,1.0,0.0
1614168900,1.0,0.0
1614169800,1.0,0.0
1614170700,1.0,0.0
1614171600,1.0,0.0
1614172500,1.0,0.0
1614173400,1.0,0.0
1614174300,1.0,0.0
1614175200,1.0,0.0
1614176100,1.0,0.0
1614177000,1.0,0.0
1614177900,1.0,0.0
1614178800,0.0,0.0
1614179700,0.0,0.0
1614180600,0.0,0.0
1614181500,0.0,0.0
1614182400,0.0,0.0
1614183300,0.0,0.0
1614184200,0.0,0.0
1614185100,0.0,0.0
1614186000,0.0,0.0
1614186900,0.0,0.0
1614187800,0.0,0.0
1614188700,0.0,0.0
1614189600,0.0,0.0
1614190500,1.0,26.0
1614191400,1.0,0.0
1614192300,1.0,0.0
1614193200,1.0,0.0
1614194100,1.0,0.0
1614195000,1.0,0.0
1614195900,1.0,0.0
1614196800,1.0,0.0
1614197700,1.0,0.0
1614198600,1.0,0.0
1614199500,1.0,0.0
1614200400,1.0,0.0
1614201300,1.0,0.0
1614202200,1.0,0.0
1614203100,1.0,0.0
1614204000,1.0,0.0
1614204900,1.0,0.0
1614205800,1.0,0.0
1614206700,1.0,0.0
1614207600,1.0,0.0
1614208500,1.0,0.0
1614209400,1.0,0.0
1614210300,1.0,0.0
1614211200,1.0,0.0
1614212100,1.0,0.0
1614213000,1.0,0.0
1614213900,1.0,0.0
1614214800,1.0,0.0
1614215700,1.0,0.0
1614216600,1.0,0.0
1614217500,1.0,0.0
1614218400,1.0,0.0
1614219300,1.0,0.0
1614220200,1.0,0.0
1614221100,1.0,0.0
1614222000,1.0,0.0
1614222900,1.0,0.0
1614223800,1.0,0.0
1614224700,1.0,0.0
1614225600,1.0,0.0
1614226500,1.0,0.0
1614227400,1.0,0.0
1614228300,1.0,0.0
1614229200,1.0,0.0
1614230100,1.0,0.0
1614231000,1.0,0.0
1614231900,1.0,0.0
1614232800,1.0,0.0
1614233700,1.0,0.0
1614234600,1.0,0.0
1614235500,1.0,0.0
1614236400,1.0,0.0
1614237300,1.0,0.0
1614238200,1.0,0.0
1614239100,1.0,0.0
1614240000,1.0,0.0
1614240900,1.0,0.0
1614241800,1.0,0.0
1614242700,1.0,0.0
1614243600,1.0,0.0
1614244500,1.0,0.0
1614245400,1.0,0.0
1614246300,1.0,0.0
1614247200,1.0,0.0
1614248100,1.0,0.0
1614249000,1.0,0.0
1614249900,1.0,0.0
1614250800,1.0,0.0
1614251700,1.0,0.0
1614252600,1.0,0.0
1614253500,1.0,0.0
1614254400,1.0,0.0
1614255300,1.0,0.0
1614256200,1.0,0.0
1614257100,1.0,0.0
1614258000,1.0,0.0
1614258900,1.0,0.0
1614259800,1.0,0.0
1614260700,1.0,0.0
1614261600,1.0,0.0
1614262500,1.0,0.0
1614263400,1.0,0.0
1614264300,1.0,0.0
1614265200,1.0,0.0
1614266100,1.0,0.0
1614267000,1.0,0.0
1614267900,1.0,0.0
1614268800,1.0,0.0
1614269700,1.0,0.0
1614270600,1.0,0.0
1614271500,1.0,0.0
1614272400,1.0,0.0
1614273300,1.0,0.0
1614274200,1.0,0.0
1614275100,1.0,0.0
1614276000,1.0,0.0
1614276900,1.0,0.0
1614277800,1.0,0.0
1614278700,1.0,0.0
1614279600,1.0,0.0
1614280500,1.0,0.0
1614281400,1.0,0.0
1614282300,1.0,0.0
1614283200,1.0,0.0
1614284100,1.0,0.0
1614285000,1.0,0.0
1614285900,1.0,0.0
1614286800,1.0,0.0
1614287700,1.0,0.0
1614288600,1.0,0.0
1614289500,1.0,0.0
1614290400,1.0,0.0
1614291300,1.0,0.0
1614292200,1.0,0.0
1614293100,1.0,0.0
1614294000,1.0,0.0
1614294900,1.0,0.0
1614295800,1.0,0.0
1614296700,1.0,0.0
1614297600,1.0,0.0
1614298500,1.0,0.0
1614299400,1.0,0.0
1614300300,1.0,0.0
1614301200,1.0,0.0
1614302100,1.0,0.0
1614303000,1.0,0.0
1614303900,1.0,0.0
1614304800,1.0,0.0
1614305700,1.0,0.0
1614306600,1.0,0.0
1614307500,1.0,0.0
1614308400,1.0,0.0
1614309300,1.0,0.0
1614310200,1.0,0.0
1614311100,1.0,0.0
1614312000,1.0,0.0
1614312900,1.0,0.0
1614313800,1.0,0.0
1614314700,1.0,0.0
1614315600,1.0,0.0
1614316500,1.0,0.0
1614317400,1.0,0.0
1614318300,1.0,0.0
1614319200,1.0,0.0
1614320100,1.0,0.0
1614321000,1.0,0.0
1614321900,1.0,0.0
1614322800,1.0,0.0
1614323700,1.0,0.0
1614324600,1.0,0.0
1614325500,1.0,0.0
1614326400,1.0,0.0
1614327300,1.0,0.0
1614328200,1.0,0.0
1614329100,1.0,0.0
1614330000,1.0,0.0
1614330900,1.0,0.0
1614331800,0.0,0.0
1614332700,1.0,1.6
1614333600,1.0,0.0
1614334500,1.0,0.0
1614335400,1.0,0.0
1614336300,1.0,0.0
1614337200,1.0,0.0
1614338100,1.0,0.0
1614339000,1.0,0.0
1614339900,1.0,0.0
1614340800,1.0,0.0
1614341700,1.0,0.0
1614342600,1.0,0.0
1614343500,1.0,0.0
1614344400,1.0,0.0
1614345300,1.0,0.0
1614346200,1.0,0.0
1614347100,1.0,0.0
1614348000,1.0,0.0
1614348900,1.0,0.0
1614349800,1.0,0.0
1614350700,1.0,0.0
1614351600,1.0,0.0
1614352500,1.0,0.0
1614353400,1.0,0.0
1614354300,1.0,0.0
1614355200,0.0,0.0
1614356100,0.0,0.0
1614357000,1.0,1.9
1614357900,1.0,0.0
1614358800,1.0,0.0
1614359700,1.0,0.0
1614360600,1.0,0.0
1614361500,1.0,0.0
1614362400,1.0,0.0
1614363300,1.0,0.0
1614364200,1.0,0.0
1614365100,1.0,0.0
1614366000,1.0,0.0
1614366900,1.0,0.0
1614367800,1.0,0.0
1614368700,1.0,0.0
1614369600,1.0,0.0
1614370500,1.0,0.0
1614371400,1.0,0.0
1614372300,1.0,0.0
1614373200,1.0,0.0
1614374100,1.0,0.0
1614375000,1.0,0.0
1614375900,1.0,0.0
1614376800,1.0,0.0
1614377700,1.0,0.0
1614378600,1.0,0.0
1614379500,1.0,0.0
1614380400,1.0,0.0
1614381300,1.0,0.0
1614382200,1.0,0.0
1614383100,1.0,0.0
1614384000,1.0,0.0
1614384900,1.0,0.0
1614385800,1.0,0.0
1614386700,1.0,0.0
1614387600,1.0,0.0
1614388500,1.0,0.0
1614389400,1.0,0.0
1614390300,1.0,0.0
1614391200,1.0,0.0
1614392100,1.0,0.0
1614393000,1.0,0.0
1614393900,1.0,0.0
1614394800,1.0,0.0
1614395700,1.0,0.0
1614396600,1.0,0.0
1614397500,1.0,0.0
1614398400,1.0,0.0
1614399300,1.0,0.0
1614400200,1.0,0.0
1614401100,1.0,0.0
1614402000,1.0,0.0
1614402900,1.0,0.0
1614403800,1.0,0.0
1614404700,1.0,0.0
1614405600,1.0,0.0
1614406500,1.0,0.0
1614407400,1.0,0.0
1614408300,1.0,0.0
1614409200,1.0,0.0
1614410100,1.0,0.0
1614411000,1.0,0.0
1614411900,1.0,0.0
1614412800,1.0,0.0
1614413700,1.0,0.0
1614414600,1.0,0.0
1614415500,1.0,0.0
1614416400,1.0,0.0
1614417300,1.0,0.0
1614418200,1.0,0.0
1614419100,1.0,0.0
1614420000,1.0,0.0
1614420900,1.0,0.0
1614421800,1.0,0.0
1614422700,1.0,0.0
1614423600,1.0,0.0
1614424500,1.0,0.0
1614425400,1.0,0.0
1614426300,1.0,0.0
1614427200,1.0,0.0
1614428100,1.0,0.0
1614429000,1.0,0.0
1614429900,1.0,0.0
1614430800,1.0,0.0
1614431700,1.0,0.0
1614432600,1.0,0.0
1614433500,1.0,0.0
1614434400,1.0,0.0
1614435300,1.0,0.0
1614436200,1.0,0.0
1614437100,1.0,0.0
1614438000,1.0,0.0
1614438900,1.0,0.0
1614439800,1.0,0.0
1614440700,1.0,0.0
1614441600,1.0,0.0
1614442500,1.0,0.0
1614443400,1.0,0.0
1614444300,1.0,0.0
1614445200,1.0,0.0
1614446100,1.0,0.0
1614447000,1.0,0.0
1614447900,1.0,0.0
1614448800,1.0,0.0
1614449700,1.0,0.0
1614450600,1.0,0.0
1614451500,1.0,0.0
1614452400,1.0,0.0
1614453300,1.0,0.0
1614454200,1.0,0.0
1614455100,1.0,0.0
1614456000,1.0,0.0
1614456900,1.0,0.0
1614457800,1.0,0.0
1614458700,1.0,0.0
1614459600,1.0,0.0
1614460500,1.0,0.0
1614461400,1.0,0.0
1614462300,1.0,0.0
1614463200,1.0,0.0
1614464100,1.0,0.0
1614465000,1.0,0.0
1614465900,1.0,0.0
1614466800,1.0,0.0
1614467700,1.0,0.0
1614468600,1.0,0.0
1614469500,1.0,0.0
1614470400,1.0,0.0
1614471300,1.0,0.0
1614472200,1.0,0.0
1614473100,1.0,0.0
1614474000,1.0,0.0
1614474900,1.0,0.0
1614475800,1.0,0.0
1614476700,1.0,0.0
1614477600,1.0,0.0
1614478500,1.0,0.0
1614479400,1.0,0.0
1614480300,1.0,0.0
1614481200,1.0,0.0
1614482100,1.0,0.0
1614483000,1.0,0.0
1614483900,1.0,0.0
1614484800,1.0,0.0
1614485700,1.0,0.0
1614486600,1.0,0.0
1614487500,1.0,0.0
1614488400,1.0,0.0
1614489300,1.0,0.0
1614490200,1.0,0.0
1614491100,1.0,0.0
1614492000,1.0,0.0
1614492900,1.0,0.0
1614493800,1.0,0.0
1614494700,1.0,0.0
1614495600,1.0,0.0
1614496500,1.0,0.0
1614497400,1.0,0.0
1614498300,1.0,0.0
1614499200,1.0,0.0
1614500100,1.0,0.0
1614501000,1.0,0.0
1614501900,1.0,0.0
1614502800,1.0,0.0
1614503700,1.0,0.0
1614504600,1.0,0.0
1614505500,1.0,0.0
1614506400,1.0,0.0
1614507300,1.0,0.0
1614508200,1.0,0.0
1614509100,1.0,0.0
1614510000,1.0,0.0
1614510900,1.0,0.0
1614511800,1.0,0.0
1614512700,1.0,0.0
1614513600,1.0,0.0
1614514500,1.0,0.0
1614515400,1.0,0.0
1614516300,1.0,0.0
1614517200,1.0,0.0
1614518100,1.0,0.0
1614519000,1.0,0.0
1614519900,1.0,0.0
1614520800,1.0,0.0
1614521700,1.0,0.0
1614522600,1.0,0.0
1614523500,1.0,0.0
1614524400,1.0,0.0
1614525300,1.0,0.0
1614526200,1.0,0.0
1614527100,1.0,0.0
1614528000,1.0,0.0
1614528900,1.0,0.0
1614529800,1.0,0.0
1614530700,1.0,0.0
1614531600,1.0,0.0
1614532500,1.0,0.0
1614533400,1.0,0.0
1614534300,1.0,0.0
1614535200,1.0,0.0
1614536100,1.0,0.0
1614537000,1.0,0.0
1614537900,1.0,0.0
1614538800,1.0,0.0
1614539700,1.0,0.0
1614540600,1.0,0.0
1614541500,1.0,0.0
1614542400,1.0,0.0
1614543300,1.0,0.0
1614544200,1.0,0.0
1614545100,1.0,0.0
1614546000,1.0,0.0
1614546900,1.0,0.0
1614547800,1.0,0.0
1614548700,1.0,0.0
1614549600,1.0,0.0
1614550500,1.0,0.0
1614551400,1.0,0.0
1614552300,1.0,0.0
1614553200,1.0,0.0
1614554100,1.0,0.0
1614555000,1.0,0.0
1614555900,1.0,0.0
1614556800,1.0,0.0
1614557700,1.0,0.0
1614558600,1.0,0.0
1614559500,1.0,0.0
1614560400,1.0,0.0
1614561300,1.0,0.0
1614562200,1.0,0.0
1614563100,1.0,0.0
1614564000,1.0,0.0
1614564900,1.0,0.0
1614565800,1.0,0.0
1614566700,1.0,0.0
1614567600,1.0,0.0
1614568500,1.0,0.0
1614569400,1.0,0.0
1614570300,1.0,0.0
1614571200,1.0,0.0
1614572100,1.0,0.0
1614573000,1.0,0.0
1614573900,1.0,0.0
1614574800,1.0,0.0
1614575700,1.0,0.0
1614576600,1.0,0.0
1614577500,1.0,0.0
1614578400,1.0,0.0
1614579300,1.0,0.0
1614580200,1.0,0.0
1614581100,1.0,0.0
1614582000,1.0,0.0
1614582900,1.0,0.0
1614583800,1.0,0.0
1614584700,1.0,0.0
1614585600,1.0,0.0
1614586500,1.0,0.0
1614587400,1.0,0.0
1614588300,1.0,0.0
1614589200,1.0,0.0
1614590100,1.0,0.0
1614591000,1.0,0.0
1614591900,1.0,0.0
1614592800,1.0,0.0
1614593700,1.0,0.0
1614594600,1.0,0.0
1614595500,1.0,0.0
1614596400,1.0,0.0
1614597300,1.0,0.0
1614598200,1.0,0.0
1614599100,1.0,0.0
1614600000,1.0,0.0
1614600900,1.0,0.0
1614601800,1.0,0.0
1614602700,1.0,0.0
1614603600,1.0,0.0
1614604500,1.0,0.0
1614605400,1.0,0.0
1614606300,1.0,0.0
1614607200,1.0,0.0
1614608100,1.0,0.0
1614609000,1.0,0.0
1614609900,1.0,0.0
1614610800,1.0,0.0
1614611700,1.0,0.0
1614612600,1.0,0.0
1614613500,1.0,0.0
1614614400,1.0,0.0
1614615300,1.0,0.0
1614616200,1.0,0.0
1614617100,1.0,0.0
1614618000,1.0,0.0
1614618900,1.0,0.0
1614619800,1.0,0.0
1614620700,1.0,0.0
1614621600,1.0,0.0
1614622500,1.0,0.0
1614623400,1.0,0.0
1614624300,1.0,0.0
1614625200,1.0,0.0
1614626100,1.0,0.0
1614627000,1.0,0.0
1614627900,1.0,0.0
1614628800,1.0,0.0
1614629700,1.0,0.0
1614630600,1.0,0.0
1614631500,1.0,0.0
1614632400,1.0,0.0
1614633300,1.0,0.0
1614634200,1.0,0.0
1614635100,1.0,0.0
1614636000,1.0,0.0
1614636900,1.0,0.0
1614637800,1.0,0.0
1614638700,1.0,0.0
1614639600,1.0,0.0
1614640500,1.0,0.0
1614641400,1.0,0.0
1614642300,1.0,0.0
1614643200,1.0,0.0
1614644100,1.0,0.0
1614645000,1.0,0.0
1614645900,1.0,0.0
1614646800,1.0,0.0
1614647700,1.0,0.0
1614648600,1.0,0.0
1614649500,1.0,0.0
1614650400,1.0,0.0
1614651300,1.0,0.0
1614652200,1.0,0.0
1614653100,1.0,0.0
1614654000,1.0,0.0
1614654900,1.0,0.0
1614655800,1.0,0.0
1614656700,1.0,0.0
1614657600,1.0,0.0
1614658500,1.0,0.0
1614659400,1.0,0.0
1614660300,1.0,0.0
1614661200,1.0,0.0
1614662100,1.0,0.0
1614663000,1.0,0.0
1614663900,1.0,0.0
1614664800,1.0,0.0
1614665700,1.0,0.0
1614666600,1.0,0.0
1614667500,1.0,0.0
1614668400,1.0,0.0
1614669300,1.0,0.0
1614670200,1.0,0.0
1614671100,1.0,0.0
1614672000,1.0,0.0
1614672900,1.0,0.0
1614673800,1.0,0.0
1614674700,1.0,0.0
1614675600,1.0,0.0
1614676500,1.0,0.0
1614677400,1.0,0.0
1614678300,1.0,0.0
1614679200,1.0,0.0
1614680100,1.0,0.0
1614681000,1.0,0.0
1614681900,1.0,0.0
1614682800,1.0,0.0
1614683700,1.0,0.0
1614684600,1.0,0.0
1614685500,1.0,0.0
1614686400,1.0,0.0
1614687300,1.0,0.0
1614688200,1.0,0.0
1614689100,1.0,0.0
1614690000,1.0,0.0
1614690900,1.0,0.0
1614691800,1.0,0.0
1614692700,1.0,0.0
1614693600,1.0,0.0
1614694500,1.0,0.0
1614695400,1.0,0.0
1614696300,1.0,0.0
1614697200,1.0,0.0
1614698100,1.0,0.0
1614699000,1.0,0.0
1614699900,1.0,0.0
1614700800,1.0,0.0
1614701700,1.0,0.0
1614702600,1.0,0.0
1614703500,1.0,0.0
1614704400,1.0,0.0
1614705300,1.0,0.0
1614706200,1.0,0.0
1614707100,1.0,0.0
1614708000,1.0,0.0
1614708900,1.0,0.0
1614709800,1.0,0.0
1614710700,1.0,0.0
1614711600,1.0,0.0
1614712500,1.0,0.0
1614713400,1.0,0.0
1614714300,1.0,0.0
1614715200,1.0,0.0
1614716100,1.0,0.0
1614717000,1.0,0.0
1614717900,1.0,0.0
1614718800,1.0,0.0
1614719700,1.0,0.0
1614720600,1.0,0.0
1614721500,1.0,0.0
1614722400,1.0,0.0
1614723300,1.0,0.0
1614724200,1.0,0.0
1614725100,1.0,0.0
1614726000,1.0,0.0
1614726900,1.0,0.0
1614727800,1.0,0.0
1614728700,1.0,0.0
1614729600,1.0,0.0
1614730500,1.0,0.0
1614731400,1.0,0.0
1614732300,1.0,0.0
1614733200,1.0,0.0
1614734100,1.0,0.0
1614735000,1.0,0.0
1614735900,1.0,0.0
1614736800,1.0,0.0
1614737700,1.0,0.0
1614738600,1.0,0.0
1614739500,1.0,0.0
1614740400,1.0,0.0
1614741300,1.0,0.0
1614742200,1.0,0.0
1614743100,1.0,0.0
1614744000,1.0,0.0
1614744900,1.0,0.0
1614745800,1.0,0.0
1614746700,1.0,0.0
1614747600,1.0,0.0
1614748500,1.0,0.0
1614749400,1.0,0.0
1614750300,1.0,0.0
1614751200,1.0,0.0
1614752100,1.0,0.0
1614753000,1.0,0.0
1614753900,1.0,0.0
1614754800,1.0,0.0
1614755700,1.0,0.0
1614756600,1.0,0.0
1614757500,1.0,0.0
1614758400,1.0,0.0
1614759300,1.0,0.0
1614760200,1.0,0.0
1614761100,1.0,0.0
1614762000,1.0,0.0
1614762900,1.0,0.0
1614763800,1.0,0.0
1614764700,1.0,0.0
1614765600,1.0,0.0
1614766500,1.0,0.0
1614767400,1.0,0.0
1614768300,1.0,0.0
1614769200,1.0,0.0
1614770100,1.0,0.0
1614771000,1.0,0.0
1614771900,1.0,0.0
1614772800,1.0,0.0
1614773700,1.0,0.0
1614774600,0.0,0.0
1614775500,0.0,0.0
1614776400,0.0,0.0
1614777300,0.0,0.0
1614778200,0.0,0.0
1614779100,0.0,0.0
1614780000,0.0,0.0
1614780900,1.0,44.0
1614781800,1.0,0.0
1614782700,1.0,0.0
1614783600,1.0,0.0
1614784500,1.0,0.0
1614785400,1.0,0.0
1614786300,1.0,0.0
1614787200,1.0,0.0
1614788100,1.0,0.0
1614789000,1.0,0.0
1614789900,1.0,0.0
1614790800,1.0,0.0
1614791700,1.0,0.0
1614792600,1.0,0.0
1614793500,1.0,0.0
1614794400,1.0,0.0
1614795300,1.0,0.0
1614796200,1.0,0.0
1614797100,1.0,0.0
1614798000,1.0,0.0
1614798900,1.0,0.0
1614799800,1.0,0.0
1614800700,1.0,0.0
1614801600,1.0,0.0
1614802500,1.0,0.0
1614803400,1.0,0.0
1614804300,1.0,0.0
1614805200,1.0,0.0
1614806100,1.0,0.0
1614807000,1.0,0.0
1614807900,1.0,0.0
1614808800,1.0,0.0
1614809700,1.0,0.0
1614810600,1.0,0.0
1614811500,1.0,0.0
1614812400,1.0,0.0
1614813300,1.0,0.0
1614814200,1.0,0.0
1614815100,1.0,0.0
1614816000,1.0,0.0
1614816900,1.0,0.0
1614817800,1.0,0.0
1614818700,1.0,0.0
1614819600,1.0,0.0
1614820500,1.0,0.0
1614821400,1.0,0.0
1614822300,1.0,0.0
1614823200,1.0,0.0
1614824100,1.0,0.0
1614825000,1.0,0.0
1614825900,1.0,0.0
1614826800,1.0,0.0
1614827700,1.0,0.0
1614828600,1.0,0.0
1614829500,1.0,0.0
1614830400,1.0,0.0
1614831300,1.0,0.0
1614832200,1.0,0.0
1614833100,1.0,0.0
1614834000,1.0,0.0
1614834900,1.0,0.0
1614835800,1.0,0.0
1614836700,1.0,0.0
1614837600,1.0,0.0
1614838500,1.0,0.0
1614839400,1.0,0.0
1614840300,1.0,0.0
1614841200,1.0,0.0
1614842100,1.0,0.0
1614843000,1.0,0.0
1614843900,1.0,0.0
1614844800,1.0,0.0
1614845700,0.0,0.0
1614846600,0.0,0.0
1614847500,1.0,2.4
1614848400,1.0,0.0
1614849300,1.0,0.0
1614850200,1.0,0.0
1614851100,1.0,0.0
1614852000,1.0,0.0
1614852900,1.0,0.0
1614853800,1.0,0.0
1614854700,1.0,0.0
1614855600,1.0,0.0
1614856500,1.0,0.0
1614857400,1.0,0.0
1614858300,1.0,0.0
1614859200,1.0,0.0
1614860100,1.0,0.0
1614861000,1.0,0.0
1614861900,1.0,0.0
1614862800,1.0,0.0
1614863700,1.0,0.0
1614864600,1.0,0.0
1614865500,1.0,0.0
1614866400,1.0,0.0
1614867300,1.0,0.0
1614868200,1.0,0.0
1614869100,1.0,0.0
1614870000,1.0,0.0
1614870900,1.0,0.0
1614871800,1.0,0.0
1614872700,1.0,0.0
1614873600,1.0,0.0
1614874500,1.0,0.0
1614875400,1.0,0.0
1614876300,1.0,0.0
1614877200,1.0,0.0
1614878100,1.0,0.0
1614879000,1.0,0.0
1614879900,1.0,0.0
1614880800,1.0,0.0
1614881700,1.0,0.0
1614882600,1.0,0.0
1614883500,1.0,0.0
1614884400,1.0,0.0
1614885300,1.0,0.0
1614886200,1.0,0.0
1614887100,1.0,0.0
1614888000,1.0,0.0
1614888900,1.0,0.0
1614889800,1.0,0.0
1614890700,1.0,0.0
1614891600,1.0,0.0
1614892500,1.0,0.0
1614893400,1.0,0.0
1614894300,1.0,0.0
1614895200,1.0,0.0
1614896100,1.0,0.0
1614897000,1.0,0.0
1614897900,1.0,0.0
1614898800,1.0,0.0
1614899700,1.0,0.0
1614900600,1.0,0.0
1614901500,1.0,0.0
1614902400,1.0,0.0
1614903300,1.0,0.0
1614904200,1.0,0.0
1614905100,1.0,0.0
1614906000,1.0,0.0
1614906900,1.0,0.0
1614907800,1.0,0.0
1614908700,1.0,0.0
1614909600,1.0,0.0
1614910500,1.0,0.0
1614911400,1.0,0.0
1614912300,1.0,0.0
1614913200,1.0,0.0
1614914100,1.0,0.0
1614915000,1.0,0.0
1614915900,1.0,0.0
1614916800,1.0,0.0
1614917700,1.0,0.0
1614918600,1.0,0.0
1614919500,1.0,0.0
1614920400,1.0,0.0
1614921300,1.0,0.0
1614922200,1.0,0.0
1614923100,1.0,0.0
1614924000,1.0,0.0
1614924900,0.0,0.0
1614925800,0.0,0.0
1614926700,0.0,0.0
1614927600,0.0,0.0
1614928500,0.0,0.0
1614929400,0.0,0.0
1614930300,0.0,0.0
1614931200,0.0,0.0
1614932100,0.0,0.0
1614933000,0.0,0.0
1614933900,0.0,0.0
1614934800,0.0,0.0
1614935700,0.0,0.0
1614936600,0.0,0.0
1614937500,1.0,44.0
1614938400,1.0,0.0
1614939300,1.0,0.0
1614940200,1.0,0.0
1614941100,1.0,0.0
1614942000,1.0,0.0
1614942900,1.0,0.0
1614943800,1.0,0.0
1614944700,1.0,0.0
1614945600,1.0,0.0
1614946500,1.0,0.0
1614947400,1.0,0.0
1614948300,1.0,0.0
1614949200,1.0,0.0
1614950100,1.0,0.0
1614951000,1.0,0.0
1614951900,1.0,0.0
1614952800,1.0,0.0
1614953700,1.0,0.0
1614954600,1.0,0.0
1614955500,1.0,0.0
1614956400,1.0,0.0
1614957300,1.0,0.0
1614958200,1.0,0.0
1614959100,1.0,0.0
1614960000,1.0,0.0
1614960900,1.0,0.0
1614961800,1.0,0.0
1614962700,1.0,0.0
1614963600,1.0,0.0
1614964500,1.0,0.0
1614965400,1.0,0.0
1614966300,1.0,0.0
1614967200,1.0,0.0
1614968100,1.0,0.0
1614969000,1.0,0.0
1614969900,1.0,0.0
1614970800,1.0,0.0
1614971700,1.0,0.0
1614972600,1.0,0.0
1614973500,1.0,0.0
1614974400,1.0,0.0
1614975300,1.0,0.0
1614976200,1.0,0.0
1614977100,1.0,0.0
1614978000,1.0,0.0
1614978900,1.0,0.0
1614979800,1.0,0.0
1614980700,1.0,0.0
1614981600,1.0,0.0
1614982500,1.0,0.0
1614983400,1.0,0.0
1614984300,1.0,0.0
1614985200,1.0,0.0
1614986100,1.0,0.0
1614987000,1.0,0.0
1614987900,1.0,0.0
1614988800,1.0,0.0
1614989700,1.0,0.0
1614990600,1.0,0.0
1614991500,1.0,0.0
1614992400,1.0,0.0
1614993300,1.0,0.0
1614994200,1.0,0.0
1614995100,1.0,0.0
1614996000,1.0,0.0
1614996900,1.0,0.0
1614997800,1.0,0.0
1614998700,1.0,0.0
1614999600,1.0,0.0
1615000500,1.0,0.0
1615001400,1.0,0.0
1615002300,1.0,0.0
1615003200,1.0,0.0
1615004100,1.0,0.0
1615005000,1.0,0.0
1615005900,1.0,0.0
1615006800,1.0,0.0
1615007700,1.0,0.0
1615008600,1.0,0.0
1615009500,1.0,0.0
1615010400,1.0,0.0
1615011300,1.0,0.0
1615012200,1.0,0.0
1615013100,1.0,0.0
1615014000,1.0,0.0
1615014900,1.0,0.0
1615015800,1.0,0.0
1615016700,1.0,0.0
1615017600,1.0,0.0
1615018500,1.0,0.0
1615019400,1.0,0.0
1615020300,1.0,0.0
1615021200,1.0,0.0
1615022100,1.0,0.0
1615023000,1.0,0.0
1615023900,1.0,0.0
1615024800,1.0,0.0
1615025700,1.0,0.0
1615026600,1.0,0.0
1615027500,1.0,0.0
1615028400,1.0,0.0
1615029300,1.0,0.0
1615030200,1.0,0.0
1615031100,1.0,0.0
1615032000,1.0,0.0
1615032900,1.0,0.0
1615033800,1.0,0.0
1615034700,1.0,0.0
1615035600,1.0,0.0
1615036500,1.0,0.0
1615037400,1.0,0.0
1615038300,1.0,0.0
1615039200,1.0,0.0
1615040100,1.0,0.0
1615041000,1.0,0.0
1615041900,1.0,0.0
1615042800,1.0,0.0
1615043700,1.0,0.0
1615044600,1.0,0.0
1615045500,1.0,0.0
1615046400,1.0,0.0
1615047300,1.0,0.0
1615048200,1.0,0.0
1615049100,1.0,0.0
1615050000,1.0,0.0
1615050900,1.0,0.0
1615051800,1.0,0.0
1615052700,1.0,0.0
1615053600,1.0,0.0
1615054500,1.0,0.0
1615055400,1.0,0.0
1615056300,1.0,0.0
1615057200,1.0,0.0
1615058100,1.0,0.0
1615059000,1.0,0.0
1615059900,1.0,0.0
1615060800,1.0,0.0
1615061700,1.0,0.0
1615062600,1.0,0.0
1615063500,1.0,0.0
1615064400,1.0,0.0
1615065300,1.0,0.0
1615066200,1.0,0.0
1615067100,1.0,0.0
1615068000,1.0,0.0
1615068900,1.0,0.0
1615069800,1.0,0.0
1615070700,1.0,0.0
1615071600,1.0,0.0
1615072500,1.0,0.0
1615073400,1.0,0.0
1615074300,1.0,0.0
1615075200,1.0,0.0
1615076100,1.0,0.0
1615077000,1.0,0.0
1615077900,1.0,0.0
1615078800,1.0,0.0
1615079700,1.0,0.0
1615080600,1.0,0.0
1615081500,1.0,0.0
1615082400,1.0,0.0
1615083300,1.0,0.0
1615084200,1.0,0.0
1615085100,1.0,0.0
1615086000,1.0,0.0
1615086900,1.0,0.0
1615087800,1.0,0.0
1615088700,1.0,0.0
1615089600,1.0,0.0
1615090500,1.0,0.0
1615091400,1.0,0.0
1615092300,1.0,0.0
1615093200,1.0,0.0
1615094100,1.0,0.0
1615095000,1.0,0.0
1615095900,1.0,0.0
1615096800,1.0,0.0
1615097700,1.0,0.0
1615098600,1.0,0.0
1615099500,1.0,0.0
1615100400,1.0,0.0
1615101300,1.0,0.0
1615102200,1.0,0.0
1615103100,1.0,0.0
1615104000,1.0,0.0
1615104900,1.0,0.0
1615105800,1.0,0.0
1615106700,1.0,0.0
1615107600,1.0,0.0
1615108500,1.0,0.0
1615109400,1.0,0.0
1615110300,1.0,0.0
1615111200,1.0,0.0
1615112100,1.0,0.0
1615113000,1.0,0.0
1615113900,1.0,0.0
1615114800,1.0,0.0
1615115700,1.0,0.0
1615116600,1.0,0.0
1615117500,1.0,0.0
1615118400,1.0,0.0
1615119300,1.0,0.0
1615120200,1.0,0.0
1615121100,1.0,0.0
1615122000,1.0,0.0
1615122900,1.0,0.0
1615123800,1.0,0.0
1615124700,1.0,0.0
1615125600,1.0,0.0
1615126500,1.0,0.0
1615127400,1.0,0.0
1615128300,1.0,0.0
1615129200,1.0,0.0
1615130100,1.0,0.0
1615131000,1.0,0.0
1615131900,1.0,0.0
1615132800,1.0,0.0
1615133700,1.0,0.0
1615134600,1.0,0.0
1615135500,1.0,0.0
1615136400,1.0,0.0
1615137300,1.0,0.0
1615138200,1.0,0.0
1615139100,1.0,0.0
1615140000,1.0,0.0
1615140900,1.0,0.0
1615141800,1.0,0.0
1615142700,1.0,0.0
1615143600,1.0,0.0
1615144500,1.0,0.0
1615145400,1.0,0.0
1615146300,1.0,0.0
1615147200,1.0,0.0
1615148100,1.0,0.0
1615149000,1.0,0.0
1615149900,1.0,0.0
1615150800,1.0,0.0
1615151700,1.0,0.0
1615152600,1.0,0.0
1615153500,1.0,0.0
1615154400,1.0,0.0
1615155300,1.0,0.0
1615156200,1.0,0.0
1615157100,1.0,0.0
1615158000,1.0,0.0
1615158900,1.0,0.0
1615159800,1.0,0.0
1615160700,1.0,0.0
1615161600,1.0,0.0
1615162500,1.0,0.0
1615163400,1.0,0.0
1615164300,1.0,0.0
1615165200,1.0,0.0
1615166100,1.0,0.0
1615167000,1.0,0.0
1615167900,1.0,0.0
1615168800,1.0,0.0
1615169700,1.0,0.0
1615170600,1.0,0.0
1615171500,1.0,0.0
1615172400,1.0,0.0
1615173300,1.0,0.0
1615174200,1.0,0.0
1615175100,1.0,0.0
1615176000,1.0,0.0
1615176900,1.0,0.0
1615177800,1.0,0.0
1615178700,1.0,0.0
1615179600,1.0,0.0
1615180500,1.0,0.0
1615181400,1.0,0.0
1615182300,1.0,0.0
1615183200,1.0,0.0
1615184100,1.0,0.0
1615185000,1.0,0.0
1615185900,0.0,0.0
1615186800,0.0,0.0
1615187700,0.0,0.0
1615188600,0.0,0.0
1615189500,0.0,0.0
1615190400,0.0,0.0
1615191300,0.0,0.0
1615192200,0.0,0.0
1615193100,0.0,0.0
1615194000,0.0,0.0
1615194900,0.0,0.0
1615195800,0.0,0.0
1615196700,0.0,0.0
1615197600,0.0,0.0
1615198500,0.0,0.0
1615199400,0.0,0.0
1615200300,0.0,0.0
1615201200,0.0,0.0
1615202100,0.0,0.0
1615203000,0.0,0.0
1615203900,0.0,0.0
1615204800,0.0,0.0
1615205700,0.0,0.0
1615206600,0.0,0.0
1615207500,0.0,0.0
1615208400,0.0,0.0
1615209300,0.0,0.0
1615210200,0.0,0.0
1615211100,0.0,0.0
1615212000,0.0,0.0
1615212900,0.0,0.0
1615213800,0.0,0.0
1615214700,0.0,0.0
1615215600,0.0,0.0
1615216500,0.0,0.0
1615217400,0.0,0.0
1615218300,0.0,0.0
1615219200,0.0,0.0
1615220100,0.0,0.0
1615221000,0.0,0.0
1615221900,0.0,0.0
1615222800,1.0,236.0
1615223700,1.0,0.0
1615224600,1.0,0.0
1615225500,1.0,0.0
1615226400,1.0,0.0
1615227300,1.0,0.0
1615228200,1.0,0.0
1615229100,1.0,0.0
1615230000,1.0,0.0
1615230900,1.0,0.0
1615231800,1.0,0.0
1615232700,1.0,0.0
1615233600,1.0,0.0
1615234500,1.0,0.0
1615235400,1.0,0.0
1615236300,1.0,0.0
1615237200,1.0,0.0
1615238100,1.0,0.0
1615239000,1.0,0.0
1615239900,1.0,0.0
1615240800,1.0,0.0
1615241700,1.0,0.0
1615242600,1.0,0.0
1615243500,1.0,0.0
1615244400,1.0,0.0
1615245300,1.0,0.0
1615246200,1.0,0.0
1615247100,1.0,0.0
1615248000,1.0,0.0
1615248900,1.0,0.0
1615249800,1.0,0.0
1615250700,1.0,0.0
1615251600,1.0,0.0
1615252500,1.0,0.0
1615253400,1.0,0.0
1615254300,1.0,0.0
1615255200,1.0,0.0
1615256100,1.0,0.0
1615257000,1.0,0.0
1615257900,1.0,0.0
1615258800,1.0,0.0
1615259700,1.0,0.0
1615260600,1.0,0.0
1615261500,1.0,0.0
1615262400,1.0,0.0
1615263300,1.0,0.0
1615264200,1.0,0.0
1615265100,1.0,0.0
1615266000,1.0,0.0
1615266900,1.0,0.0
1615267800,1.0,0.0
1615268700,1.0,0.0
1615269600,1.0,0.0
1615270500,1.0,0.0
1615271400,1.0,0.0
1615272300,1.0,0.0
1615273200,1.0,0.0
1615274100,1.0,0.0
1615275000,1.0,0.0
1615275900,1.0,0.0
1615276800,1.0,0.0
1615277700,1.0,0.0
1615278600,1.0,0.0
1615279500,1.0,0.0
1615280400,1.0,0.0
1615281300,1.0,0.0
1615282200,1.0,0.0
1615283100,1.0,0.0
1615284000,1.0,0.0
1615284900,1.0,0.0
1615285800,1.0,0.0
1615286700,1.0,0.0
1615287600,1.0,0.0
1615288500,1.0,0.0
1615289400,1.0,0.0
1615290300,1.0,0.0
1615291200,1.0,0.0
1615292100,1.0,0.0
1615293000,1.0,0.0
1615293900,1.0,0.0
1615294800,1.0,0.0
1615295700,1.0,0.0
1615296600,1.0,0.0
1615297500,1.0,0.0
1615298400,1.0,0.0
1615299300,1.0,0.0
1615300200,1.0,0.0
1615301100,1.0,0.0
1615302000,1.0,0.0
1615302900,1.0,0.0
1615303800,1.0,0.0
1615304700,1.0,0.0
1615305600,1.0,0.0
1615306500,1.0,0.0
1615307400,1.0,0.0
1615308300,1.0,0.0
1615309200,1.0,0.0
1615310100,1.0,0.0
1615311000,1.0,0.0
1615311900,1.0,0.0
1615312800,1.0,0.0
1615313700,1.0,0.0
1615314600,1.0,0.0
1615315500,1.0,0.0
1615316400,1.0,0.0
1615317300,1.0,0.0
1615318200,1.0,0.0
1615319100,1.0,0.0
1615320000,1.0,0.0
1615320900,1.0,0.0
1615321800,1.0,0.0
1615322700,1.0,0.0
1615323600,1.0,0.0
1615324500,1.0,0.0
1615325400,1.0,0.0
1615326300,1.0,0.0
1615327200,1.0,0.0
1615328100,1.0,0.0
1615329000,1.0,0.0
1615329900,1.0,0.0
1615330800,1.0,0.0
1615331700,1.0,0.0
1615332600,1.0,0.0
1615333500,1.0,0.0
1615334400,1.0,0.0
1615335300,1.0,0.0
1615336200,1.0,0.0
1615337100,1.0,0.0
1615338000,1.0,0.0
1615338900,1.0,0.0
1615339800,1.0,0.0
1615340700,1.0,0.0
1615341600,1.0,0.0
1615342500,1.0,0.0
1615343400,1.0,0.0
1615344300,1.0,0.0
1615345200,1.0,0.0
1615346100,1.0,0.0
1615347000,1.0,0.0
1615347900,1.0,0.0
1615348800,1.0,0.0
1615349700,1.0,0.0
1615350600,1.0,0.0
1615351500,1.0,0.0
1615352400,1.0,0.0
1615353300,1.0,0.0
1615354200,1.0,0.0
1615355100,1.0,0.0
1615356000,1.0,0.0
1615356900,1.0,0.0
1615357800,1.0,0.0
1615358700,1.0,0.0
1615359600,1.0,0.0
1615360500,1.0,0.0
1615361400,1.0,0.0
1615362300,1.0,0.0
1615363200,1.0,0.0
1615364100,1.0,0.0
1615365000,1.0,0.0
1615365900,1.0,0.0
1615366800,1.0,0.0
1615367700,1.0,0.0
1615368600,1.0,0.0
1615369500,1.0,0.0
1615370400,1.0,0.0
1615371300,1.0,0.0
1615372200,1.0,0.0
1615373100,1.0,0.0
1615374000,1.0,0.0
1615374900,1.0,0.0
1615375800,1.0,0.0
1615376700,1.0,0.0
1615377600,1.0,0.0
1615378500,1.0,0.0
1615379400,1.0,0.0
1615380300,1.0,0.0
1615381200,1.0,0.0
1615382100,1.0,0.0
1615383000,1.0,0.0
1615383900,1.0,0.0
1615384800,1.0,0.0
1615385700,1.0,0.0
1615386600,1.0,0.0
1615387500,1.0,0.0
1615388400,1.0,0.0
1615389300,1.0,0.0
1615390200,1.0,0.0
1615391100,1.0,0.0
1615392000,1.0,0.0
1615392900,1.0,0.0
1615393800,1.0,0.0
1615394700,1.0,0.0
1615395600,1.0,0.0
1615396500,1.0,0.0
1615397400,1.0,0.0
1615398300,1.0,0.0
1615399200,1.0,0.0
1615400100,1.0,0.0
1615401000,1.0,0.0
1615401900,1.0,0.0
1615402800,1.0,0.0
1615403700,1.0,0.0
1615404600,1.0,0.0
1615405500,1.0,0.0
1615406400,1.0,0.0
1615407300,1.0,0.0
1615408200,1.0,0.0
1615409100,1.0,0.0
1615410000,1.0,0.0
1615410900,1.0,0.0
1615411800,1.0,0.0
1615412700,1.0,0.0
1615413600,1.0,0.0
1615414500,1.0,0.0
1615415400,1.0,0.0
1615416300,1.0,0.0
1615417200,1.0,0.0
1615418100,1.0,0.0
1615419000,1.0,0.0
1615419900,1.0,0.0
1615420800,1.0,0.0
1615421700,1.0,0.0
1615422600,1.0,0.0
1615423500,1.0,0.0
1615424400,1.0,0.0
1615425300,1.0,0.0
1615426200,1.0,0.0
1615427100,1.0,0.0
1615428000,1.0,0.0
1615428900,1.0,0.0
1615429800,1.0,0.0
1615430700,1.0,0.0
1615431600,1.0,0.0
1615432500,1.0,0.0
1615433400,1.0,0.0
1615434300,1.0,0.0
1615435200,1.0,0.0
1615436100,1.0,0.0
1615437000,1.0,0.0
1615437900,1.0,0.0
1615438800,1.0,0.0
1615439700,1.0,0.0
1615440600,1.0,0.0
1615441500,1.0,0.0
1615442400,1.0,0.0
1615443300,1.0,0.0
1615444200,1.0,0.0
1615445100,1.0,0.0
1615446000,1.0,0.0
1615446900,1.0,0.0
1615447800,1.0,0.0
1615448700,1.0,0.0
1615449600,1.0,0.0
1615450500,1.0,0.0
1615451400,1.0,0.0
1615452300,1.0,0.0
1615453200,1.0,0.0
1615454100,1.0,0.0
1615455000,1.0,0.0
1615455900,1.0,0.0
1615456800,1.0,0.0
1615457700,1.0,0.0
1615458600,1.0,0.0
1615459500,1.0,0.0
1615460400,1.0,0.0
1615461300,1.0,0.0
1615462200,1.0,0.0
1615463100,1.0,0.0
1615464000,1.0,0.0
1615464900,1.0,0.0
1615465800,1.0,0.0
1615466700,1.0,0.0
1615467600,1.0,0.0
1615468500,1.0,0.0
1615469400,1.0,0.0
1615470300,1.0,0.0
1615471200,1.0,0.0
1615472100,1.0,0.0
1615473000,1.0,0.0
1615473900,1.0,0.0
1615474800,1.0,0.0
1615475700,1.0,0.0
1615476600,1.0,0.0
1615477500,1.0,0.0
1615478400,1.0,0.0
1615479300,1.0,0.0
1615480200,1.0,0.0
1615481100,1.0,0.0
1615482000,1.0,0.0
1615482900,1.0,0.0
1615483800,1.0,0.0
1615484700,1.0,0.0
1615485600,1.0,0.0
1615486500,1.0,0.0
1615487400,1.0,0.0
1615488300,1.0,0.0
1615489200,1.0,0.0
1615490100,1.0,0.0
1615491000,1.0,0.0
1615491900,1.0,0.0
1615492800,1.0,0.0
1615493700,1.0,0.0
1615494600,1.0,0.0
1615495500,1.0,0.0
1615496400,1.0,0.0
1615497300,1.0,0.0
1615498200,1.0,0.0
1615499100,1.0,0.0
1615500000,1.0,0.0
1615500900,1.0,0.0
1615501800,1.0,0.0
1615502700,1.0,0.0
1615503600,1.0,0.0
1615504500,1.0,0.0
1615505400,1.0,0.0
1615506300,1.0,0.0
1615507200,1.0,0.0
1615508100,1.0,0.0
1615509000,1.0,0.0
1615509900,1.0,0.0
1615510800,1.0,0.0
1615511700,1.0,0.0
1615512600,1.0,0.0
1615513500,1.0,0.0
1615514400,1.0,0.0
1615515300,1.0,0.0
1615516200,1.0,0.0
1615517100,1.0,0.0
1615518000,1.0,0.0
1615518900,1.0,0.0
1615519800,1.0,0.0
1615520700,1.0,0.0
1615521600,1.0,0.0
1615522500,1.0,0.0
1615523400,1.0,0.0
1615524300,1.0,0.0
1615525200,1.0,0.0
1615526100,1.0,0.0
1615527000,1.0,0.0
1615527900,1.0,0.0
1615528800,1.0,0.0
1615529700,1.0,0.0
1615530600,1.0,0.0
1615531500,1.0,0.0
1615532400,1.0,0.0
1615533300,1.0,0.0
1615534200,1.0,0.0
1615535100,1.0,0.0
1615536000,1.0,0.0
1615536900,1.0,0.0
1615537800,1.0,0.0
1615538700,0.0,0.0
1615539600,0.0,0.0
1615540500,0.0,0.0
1615541400,0.0,0.0
1615542300,0.0,0.0
1615543200,0.0,0.0
1615544100,0.0,0.0
1615545000,0.0,0.0
1615545900,0.0,0.0
1615546800,0.0,0.0
1615547700,0.0,0.0
1615548600,0.0,0.0
1615549500,0.0,0.0
1615550400,0.0,0.0
1615551300,0.0,0.0
1615552200,0.0,0.0
1615553100,0.0,0.0
1615554000,0.0,0.0
1615554900,0.0,0.0
1615555800,0.0,0.0
1615556700,0.0,0.0
1615557600,0.0,0.0
1615558500,0.0,0.0
1615559400,0.0,0.0
1615560300,0.0,0.0
1615561200,0.0,0.0
1615562100,0.0,0.0
1615563000,0.0,0.0
1615563900,0.0,0.0
1615564800,0.0,0.0
1615565700,0.0,0.0
1615566600,0.0,0.0
1615567500,0.0,0.0
1615568400,0.0,0.0
1615569300,0.0,0.0
1615570200,0.0,0.0
1615571100,0.0,0.0
1615572000,0.0,0.0
1615572900,0.0,0.0
1615573800,0.0,0.0
1615574700,1.0,246.0
1615575600,1.0,0.0
1615576500,1.0,0.0
1615577400,1.0,0.0
1615578300,1.0,0.0
1615579200,1.0,0.0
1615580100,1.0,0.0
1615581000,1.0,0.0
1615581900,1.0,0.0
1615582800,1.0,0.0
1615583700,1.0,0.0
1615584600,1.0,0.0
1615585500,1.0,0.0
1615586400,1.0,0.0
1615587300,1.0,0.0
1615588200,1.0,0.0
1615589100,1.0,0.0
1615590000,1.0,0.0
1615590900,1.0,0.0
1615591800,1.0,0.0
1615592700,1.0,0.0
1615593600,1.0,0.0
1615594500,1.0,0.0
1615595400,1.0,0.0
1615596300,1.0,0.0
1615597200,1.0,0.0
1615598100,1.0,0.0
1615599000,1.0,0.0
1615599900,1.0,0.0
1615600800,1.0,0.0
1615601700,1.0,0.0
1615602600,1.0,0.0
1615603500,1.0,0.0
1615604400,1.0,0.0
1615605300,1.0,0.0
1615606200,1.0,0.0
1615607100,1.0,0.0
1615608000,1.0,0.0
1615608900,1.0,0.0
1615609800,1.0,0.0
1615610700,1.0,0.0
1615611600,1.0,0.0
1615612500,1.0,0.0
1615613400,1.0,0.0
1615614300,1.0,0.0
1615615200,1.0,0.0
1615616100,1.0,0.0
1615617000,1.0,0.0
1615617900,1.0,0.0
1615618800,1.0,0.0
1615619700,1.0,0.0
1615620600,1.0,0.0
1615621500,1.0,0.0
1615622400,1.0,0.0
1615623300,1.0,0.0
1615624200,1.0,0.0
1615625100,1.0,0.0
1615626000,1.0,0.0
1615626900,1.0,0.0
1615627800,1.0,0.0
1615628700,1.0,0.0
1615629600,1.0,0.0
1615630500,1.0,0.0
1615631400,1.0,0.0
1615632300,1.0,0.0
1615633200,1.0,0.0
1615634100,1.0,0.0
1615635000,1.0,0.0
1615635900,1.0,0.0
1615636800,1.0,0.0
1615637700,1.0,0.0
1615638600,1.0,0.0
1615639500,1.0,0.0
1615640400,1.0,0.0
1615641300,1.0,0.0
1615642200,1.0,0.0
1615643100,1.0,0.0
1615644000,1.0,0.0
1615644900,1.0,0.0
1615645800,1.0,0.0
1615646700,1.0,0.0
1615647600,1.0,0.0
1615648500,1.0,0.0
1615649400,1.0,0.0
1615650300,1.0,0.0
1615651200,1.0,0.0
1615652100,1.0,0.0
1615653000,1.0,0.0
1615653900,1.0,0.0
1615654800,1.0,0.0
1615655700,1.0,0.0
1615656600,1.0,0.0
1615657500,1.0,0.0
1615658400,1.0,0.0
1615659300,1.0,0.0
1615660200,1.0,0.0
1615661100,1.0,0.0
1615662000,1.0,0.0
1615662900,1.0,0.0
1615663800,1.0,0.0
1615664700,1.0,0.0
1615665600,1.0,0.0
1615666500,1.0,0.0
1615667400,1.0,0.0
1615668300,1.0,0.0
1615669200,1.0,0.0
1615670100,1.0,0.0
1615671000,1.0,0.0
1615671900,1.0,0.0
1615672800,1.0,0.0
1615673700,1.0,0.0
1615674600,1.0,0.0
1615675500,1.0,0.0
1615676400,1.0,0.0
1615677300,1.0,0.0
1615678200,1.0,0.0
1615679100,1.0,0.0
1615680000,1.0,0.0
1615680900,1.0,0.0
1615681800,1.0,0.0
1615682700,1.0,0.0
1615683600,1.0,0.0
1615684500,1.0,0.0
1615685400,1.0,0.0
1615686300,1.0,0.0
1615687200,1.0,0.0
1615688100,1.0,0.0
1615689000,1.0,0.0
1615689900,1.0,0.0
1615690800,1.0,0.0
1615691700,1.0,0.0
1615692600,1.0,0.0
1615693500,1.0,0.0
1615694400,1.0,0.0
1615695300,1.0,0.0
1615696200,1.0,0.0
1615697100,1.0,0.0
1615698000,1.0,0.0
1615698900,1.0,0.0
1615699800,1.0,0.0
1615700700,1.0,0.0
1615701600,1.0,0.0
1615702500,1.0,0.0
1615703400,1.0,0.0
1615704300,1.0,0.0
1615705200,1.0,0.0
1615706100,1.0,0.0
1615707000,1.0,0.0
1615707900,1.0,0.0
1615708800,1.0,0.0
1615709700,1.0,0.0
1615710600,1.0,0.0
1615711500,1.0,0.0
1615712400,1.0,0.0
1615713300,1.0,0.0
1615714200,1.0,0.0
1615715100,1.0,0.0
1615716000,1.0,0.0
1615716900,1.0,0.0
1615717800,1.0,0.0
1615718700,1.0,0.0
1615719600,1.0,0.0
1615720500,1.0,0.0
1615721400,1.0,0.0
1615722300,1.0,0.0
1615723200,1.0,0.0
1615724100,1.0,0.0
1615725000,1.0,0.0
1615725900,1.0,0.0
1615726800,1.0,0.0
1615727700,1.0,0.0
1615728600,1.0,0.0
1615729500,1.0,0.0
1615730400,0.0,0.0
1615731300,1.0,7.0
1615732200,1.0,0.0
1615733100,1.0,0.0
1615734000,1.0,0.0
1615734900,1.0,0.0
1615735800,1.0,0.0
1615736700,1.0,0.0
1615737600,1.0,0.0
1615738500,1.0,0.0
1615739400,1.0,0.0
1615740300,1.0,0.0
1615741200,1.0,0.0
1615742100,1.0,0.0
1615743000,1.0,0.0
1615743900,1.0,0.0
1615744800,1.0,0.0
1615745700,1.0,0.0
1615746600,1.0,0.0
1615747500,1.0,0.0
1615748400,1.0,0.0
1615749300,1.0,0.0
1615750200,1.0,0.0
1615751100,1.0,0.0
1615752000,1.0,0.0
1615752900,1.0,0.0
1615753800,1.0,0.0
1615754700,1.0,0.0
1615755600,1.0,0.0
1615756500,1.0,0.0
1615757400,1.0,0.0
1615758300,1.0,0.0
1615759200,1.0,0.0
1615760100,1.0,0.0
1615761000,1.0,0.0
1615761900,1.0,0.0
1615762800,1.0,0.0
1615763700,1.0,0.0
1615764600,1.0,0.0
1615765500,1.0,0.0
1615766400,1.0,0.0
1615767300,1.0,0.0
1615768200,1.0,0.0
1615769100,1.0,0.0
1615770000,1.0,0.0
1615770900,1.0,0.0
1615771800,1.0,0.0
1615772700,1.0,0.0
1615773600,1.0,0.0
1615774500,1.0,0.0
1615775400,1.0,0.0
1615776300,1.0,0.0
1615777200,1.0,0.0
1615778100,1.0,0.0
1615779000,1.0,0.0
1615779900,1.0,0.0
1615780800,1.0,0.0
1615781700,1.0,0.0
1615782600,1.0,0.0
1615783500,1.0,0.0
1615784400,1.0,0.0
1615785300,1.0,0.0
1615786200,1.0,0.0
1615787100,1.0,0.0
1615788000,0.0,0.0
1615788900,0.0,0.0
1615789800,0.0,0.0
1615790700,0.0,0.0
1615791600,0.0,0.0
1615792500,0.0,0.0
1615793400,0.0,0.0
1615794300,0.0,0.0
1615795200,0.0,0.0
1615796100,0.0,0.0
1615797000,0.0,0.0
1615797900,0.0,0.0
1615798800,0.0,0.0
1615799700,0.0,0.0
1615800600,0.0,0.0
1615801500,0.0,0.0
1615802400,0.0,0.0
1615803300,0.0,0.0
1615804200,0.0,0.0
1615805100,0.0,0.0
1615806000,0.0,0.0
1615806900,0.0,0.0
1615807800,0.0,0.0
1615808700,0.0,0.0
1615809600,0.0,0.0
1615810500,0.0,0.0
1615811400,0.0,0.0
1615812300,0.0,0.0
1615813200,0.0,0.0
1615814100,0.0,0.0
1615815000,0.0,0.0
1615815900,0.0,0.0
1615816800,0.0,0.0
1615817700,0.0,0.0
1615818600,0.0,0.0
1615819500,0.0,0.0
1615820400,0.0,0.0
1615821300,0.0,0.0
1615822200,0.0,0.0
1615823100,0.0,0.0
1615824000,1.0,38.0
1615824900,1.0,0.0
1615825800,1.0,0.0
1615826700,1.0,0.0
1615827600,1.0,0.0
1615828500,1.0,0.0
1615829400,1.0,0.0
1615830300,1.0,0.0
1615831200,1.0,0.0
1615832100,1.0,0.0
1615833000,1.0,0.0
1615833900,1.0,0.0
1615834800,1.0,0.0
1615835700,1.0,0.0
1615836600,1.0,0.0
1615837500,1.0,0.0
1615838400,1.0,0.0
1615839300,1.0,0.0
1615840200,1.0,0.0
1615841100,1.0,0.0
1615842000,1.0,0.0
1615842900,1.0,0.0
1615843800,1.0,0.0
1615844700,1.0,0.0
1615845600,1.0,0.0
1615846500,1.0,0.0
1615847400,1.0,0.0
1615848300,1.0,0.0
1615849200,1.0,0.0
1615850100,1.0,0.0
1615851000,1.0,0.0
1615851900,1.0,0.0
1615852800,1.0,0.0
1615853700,1.0,0.0
1615854600,1.0,0.0
1615855500,1.0,0.0
1615856400,1.0,0.0
1615857300,1.0,0.0
1615858200,1.0,0.0
1615859100,1.0,0.0
1615860000,1.0,0.0
1615860900,1.0,0.0
1615861800,1.0,0.0
1615862700,1.0,0.0
1615863600,1.0,0.0
1615864500,1.0,0.0
1615865400,1.0,0.0
1615866300,1.0,0.0
1615867200,1.0,0.0
1615868100,1.0,0.0
1615869000,1.0,0.0
1615869900,1.0,0.0
1615870800,1.0,0.0
1615871700,1.0,0.0
1615872600,1.0,0.0
1615873500,1.0,0.0
1615874400,0.0,0.0
1615875300,0.0,0.0
1615876200,0.0,0.0
1615877100,0.0,0.0
1615878000,0.0,0.0
1615878900,0.0,0.0
1615879800,0.0,0.0
1615880700,0.0,0.0
1615881600,0.0,0.0
1615882500,0.0,0.0
1615883400,0.0,0.0
1615884300,0.0,0.0
1615885200,0.0,0.0
1615886100,0.0,0.0
1615887000,0.0,0.0
1615887900,0.0,0.0
1615888800,0.0,0.0
1615889700,0.0,0.0
1615890600,0.0,0.0
1615891500,0.0,0.0
1615892400,0.0,0.0
1615893300,0.0,0.0
1615894200,0.0,0.0
1615895100,0.0,0.0
1615896000,0.0,0.0
1615896900,0.0,0.0
1615897800,0.0,0.0
1615898700,0.0,0.0
1615899600,0.0,0.0
1615900500,0.0,0.0
1615901400,0.0,0.0
1615902300,0.0,0.0
1615903200,0.0,0.0
1615904100,0.0,0.0
1615905000,0.0,0.0
1615905900,0.0,0.0
1615906800,0.0,0.0
1615907700,0.0,0.0
1615908600,0.0,0.0
1615909500,0.0,0.0
1615910400,0.0,0.0
1615911300,0.0,0.0
1615912200,1.0,36.0
1615913100,1.0,0.0
1615914000,1.0,0.0
1615914900,1.0,0.0
1615915800,0.0,0.0
1615916700,0.0,0.0
1615917600,0.0,0.0
1615918500,0.0,0.0
1615919400,0.0,0.0
1615920300,0.0,0.0
1615921200,1.0,24.0
1615922100,1.0,0.0
1615923000,1.0,0.0
1615923900,1.0,0.0
1615924800,1.0,0.0
1615925700,1.0,0.0
1615926600,1.0,0.0
1615927500,1.0,0.0
1615928400,1.0,0.0
1615929300,1.0,0.0
1615930200,1.0,0.0
1615931100,1.0,0.0
1615932000,1.0,0.0
1615932900,1.0,0.0
1615933800,1.0,0.0
1615934700,1.0,0.0
1615935600,1.0,0.0
1615936500,1.0,0.0
1615937400,1.0,0.0
1615938300,1.0,0.0
1615939200,1.0,0.0
1615940100,1.0,0.0
1615941000,1.0,0.0
1615941900,1.0,0.0
1615942800,1.0,0.0
1615943700,1.0,0.0
1615944600,1.0,0.0
1615945500,1.0,0.0
1615946400,1.0,0.0
1615947300,1.0,0.0
1615948200,1.0,0.0
1615949100,1.0,0.0
1615950000,1.0,0.0
1615950900,1.0,0.0
1615951800,1.0,0.0
1615952700,1.0,0.0
1615953600,1.0,0.0
1615954500,1.0,0.0
1615955400,1.0,0.0
1615956300,1.0,0.0
1615957200,1.0,0.0
1615958100,1.0,0.0
1615959000,1.0,0.0
1615959900,1.0,0.0
1615960800,0.0,0.0
1615961700,0.0,0.0
1615962600,0.0,0.0
1615963500,0.0,0.0
1615964400,0.0,0.0
1615965300,0.0,0.0
1615966200,0.0,0.0
1615967100,0.0,0.0
1615968000,0.0,0.0
1615968900,0.0,0.0
1615969800,0.0,0.0
1615970700,0.0,0.0
1615971600,0.0,0.0
1615972500,0.0,0.0
1615973400,0.0,0.0
1615974300,0.0,0.0
1615975200,0.0,0.0
1615976100,0.0,0.0
1615977000,0.0,0.0
1615977900,0.0,0.0
1615978800,0.0,0.0
1615979700,0.0,0.0
1615980600,0.0,0.0
1615981500,0.0,0.0
1615982400,0.0,0.0
1615983300,0.0,0.0
1615984200,0.0,0.0
1615985100,0.0,0.0
1615986000,0.0,0.0
1615986900,0.0,0.0
1615987800,0.0,0.0
1615988700,0.0,0.0
1615989600,0.0,0.0
1615990500,0.0,0.0
1615991400,0.0,0.0
1615992300,0.0,0.0
1615993200,0.0,0.0
1615994100,0.0,0.0
1615995000,0.0,0.0
1615995900,1.0,36.0
1615996800,1.0,0.0
1615997700,1.0,0.0
1615998600,1.0,0.0
1615999500,1.0,0.0
1616000400,1.0,0.0
1616001300,1.0,0.0
1616002200,1.0,0.0
1616003100,1.0,0.0
1616004000,1.0,0.0
1616004900,1.0,0.0
1616005800,1.0,0.0
1616006700,1.0,0.0
1616007600,1.0,0.0
1616008500,1.0,0.0
1616009400,1.0,0.0
1616010300,1.0,0.0
1616011200,1.0,0.0
1616012100,1.0,0.0
1616013000,1.0,0.0
1616013900,1.0,0.0
1616014800,1.0,0.0
1616015700,1.0,0.0
1616016600,1.0,0.0
1616017500,1.0,0.0
1616018400,1.0,0.0
1616019300,1.0,0.0
1616020200,1.0,0.0
1616021100,1.0,0.0
1616022000,1.0,0.0
1616022900,1.0,0.0
1616023800,1.0,0.0
1616024700,1.0,0.0
1616025600,1.0,0.0
1616026500,1.0,0.0
1616027400,1.0,0.0
1616028300,1.0,0.0
1616029200,1.0,0.0
1616030100,1.0,0.0
1616031000,1.0,0.0
1616031900,1.0,0.0
1616032800,1.0,0.0
1616033700,1.0,0.0
1616034600,1.0,0.0
1616035500,1.0,0.0
1616036400,1.0,0.0
1616037300,1.0,0.0
1616038200,1.0,0.0
1616039100,1.0,0.0
1616040000,1.0,0.0
1616040900,1.0,0.0
1616041800,1.0,0.0
1616042700,1.0,0.0
1616043600,1.0,0.0
1616044500,1.0,0.0
1616045400,1.0,0.0
1616046300,1.0,0.0
1616047200,0.0,0.0
1616048100,0.0,0.0
1616049000,0.0,0.0
1616049900,0.0,0.0
1616050800,0.0,0.0
1616051700,0.0,0.0
1616052600,0.0,0.0
1616053500,0.0,0.0
1616054400,0.0,0.0
1616055300,0.0,0.0
1616056200,0.0,0.0
1616057100,0.0,0.0
1616058000,0.0,0.0
1616058900,0.0,0.0
1616059800,0.0,0.0
1616060700,0.0,0.0
1616061600,0.0,0.0
1616062500,0.0,0.0
1616063400,0.0,0.0
1616064300,0.0,0.0
1616065200,0.0,0.0
1616066100,0.0,0.0
1616067000,0.0,0.0
1616067900,0.0,0.0
1616068800,0.0,0.0
1616069700,0.0,0.0
1616070600,0.0,0.0
1616071500,0.0,0.0
1616072400,0.0,0.0
1616073300,0.0,0.0
1616074200,0.0,0.0
1616075100,0.0,0.0
1616076000,0.0,0.0
1616076900,0.0,0.0
1616077800,0.0,0.0
1616078700,0.0,0.0
1616079600,0.0,0.0
1616080500,0.0,0.0
1616081400,0.0,0.0
1616082300,0.0,0.0
1616083200,0.0,0.0
1616084100,0.0,0.0
1616085000,1.0,40.0
1616085900,1.0,0.0
1616086800,1.0,0.0
1616087700,1.0,0.0
1616088600,1.0,0.0
1616089500,1.0,0.0
1616090400,1.0,0.0
1616091300,1.0,0.0
1616092200,1.0,0.0
1616093100,1.0,0.0
1616094000,1.0,0.0
1616094900,1.0,0.0
1616095800,1.0,0.0
1616096700,1.0,0.0
1616097600,1.0,0.0
1616098500,1.0,0.0
1616099400,1.0,0.0
1616100300,1.0,0.0
1616101200,1.0,0.0
1616102100,1.0,0.0
1616103000,1.0,0.0
1616103900,1.0,0.0
1616104800,1.0,0.0
1616105700,1.0,0.0
1616106600,1.0,0.0
1616107500,1.0,0.0
1616108400,1.0,0.0
1616109300,1.0,0.0
1616110200,1.0,0.0
1616111100,1.0,0.0
1616112000,1.0,0.0
1616112900,1.0,0.0
1616113800,1.0,0.0
1616114700,1.0,0.0
1616115600,1.0,0.0
1616116500,1.0,0.0
1616117400,1.0,0.0
1616118300,1.0,0.0
1616119200,1.0,0.0
1616120100,1.0,0.0
1616121000,1.0,0.0
1616121900,1.0,0.0
1616122800,1.0,0.0
1616123700,1.0,0.0
1616124600,1.0,0.0
1616125500,1.0,0.0
1616126400,1.0,0.0
1616127300,1.0,0.0
1616128200,1.0,0.0
1616129100,1.0,0.0
1616130000,1.0,0.0
1616130900,1.0,0.0
1616131800,1.0,0.0
1616132700,1.0,0.0
1616133600,0.0,0.0
1616134500,0.0,0.0
1616135400,0.0,0.0
1616136300,0.0,0.0
1616137200,0.0,0.0
1616138100,0.0,0.0
1616139000,0.0,0.0
1616139900,0.0,0.0
1616140800,0.0,0.0
1616141700,0.0,0.0
1616142600,0.0,0.0
1616143500,0.0,0.0
1616144400,0.0,0.0
1616145300,0.0,0.0
1616146200,0.0,0.0
1616147100,0.0,0.0
1616148000,0.0,0.0
1616148900,0.0,0.0
1616149800,0.0,0.0
1616150700,0.0,0.0
1616151600,0.0,0.0
1616152500,0.0,0.0
1616153400,0.0,0.0
1616154300,0.0,0.0
1616155200,0.0,0.0
1616156100,0.0,0.0
1616157000,0.0,0.0
1616157900,0.0,0.0
1616158800,0.0,0.0
1616159700,0.0,0.0
1616160600,0.0,0.0
1616161500,0.0,0.0
1616162400,0.0,0.0
1616163300,0.0,0.0
1616164200,0.0,0.0
1616165100,0.0,0.0
1616166000,0.0,0.0
1616166900,0.0,0.0
1616167800,0.0,0.0
1616168700,0.0,0.0
1616169600,0.0,0.0
1616170500,0.0,0.0
1616171400,0.0,0.0
1616172300,1.0,36.0
1616173200,1.0,0.0
1616174100,1.0,0.0
1616175000,1.0,0.0
1616175900,1.0,0.0
1616176800,0.0,0.0
1616177700,0.0,0.0
1616178600,0.0,0.0
1616179500,0.0,0.0
1616180400,0.0,0.0
1616181300,0.0,0.0
1616182200,0.0,0.0
1616183100,1.0,20.0
1616184000,1.0,0.0
1616184900,1.0,0.0
1616185800,1.0,0.0
1616186700,1.0,0.0
1616187600,1.0,0.0
1616188500,1.0,0.0
1616189400,1.0,0.0
1616190300,1.0,0.0
1616191200,1.0,0.0
1616192100,1.0,0.0
1616193000,1.0,0.0
1616193900,1.0,0.0
1616194800,1.0,0.0
1616195700,1.0,0.0
1616196600,1.0,0.0
1616197500,1.0,0.0
1616198400,1.0,0.0
1616199300,1.0,0.0
1616200200,1.0,0.0
1616201100,1.0,0.0
1616202000,1.0,0.0
1616202900,1.0,0.0
1616203800,1.0,0.0
1616204700,1.0,0.0
1616205600,1.0,0.0
1616206500,1.0,0.0
1616207400,1.0,0.0
1616208300,1.0,0.0
1616209200,1.0,0.0
1616210100,1.0,0.0
1616211000,1.0,0.0
1616211900,1.0,0.0
1616212800,1.0,0.0
1616213700,1.0,0.0
1616214600,1.0,0.0
1616215500,1.0,0.0
1616216400,1.0,0.0
1616217300,1.0,0.0
1616218200,1.0,0.0
1616219100,1.0,0.0
1616220000,1.0,0.0
1616220900,1.0,0.0
1616221800,1.0,0.0
1616222700,1.0,0.0
1616223600,1.0,0.0
1616224500,1.0,0.0
1616225400,1.0,0.0
1616226300,1.0,0.0
1616227200,1.0,0.0
1616228100,1.0,0.0
1616229000,1.0,0.0
1616229900,1.0,0.0
1616230800,0.0,0.0
1616231700,0.0,0.0
1616232600,0.0,0.0
1616233500,0.0,0.0
1616234400,0.0,0.0
1616235300,1.0,10.0
1616236200,1.0,0.0
1616237100,1.0,0.0
1616238000,1.0,0.0
1616238900,1.0,0.0
1616239800,1.0,0.0
1616240700,1.0,0.0
1616241600,1.0,0.0
1616242500,1.0,0.0
1616243400,1.0,0.0
1616244300,1.0,0.0
1616245200,1.0,0.0
1616246100,1.0,0.0
1616247000,1.0,0.0
1616247900,1.0,0.0
1616248800,1.0,0.0
1616249700,1.0,0.0
1616250600,1.0,0.0
1616251500,1.0,0.0
1616252400,0.0,0.0
1616253300,0.0,0.0
1616254200,0.0,0.0
1616255100,0.0,0.0
1616256000,0.0,0.0
1616256900,0.0,0.0
1616257800,0.0,0.0
1616258700,0.0,0.0
1616259600,0.0,0.0
1616260500,1.0,16.0
1616261400,1.0,0.0
1616262300,1.0,0.0
1616263200,1.0,0.0
1616264100,1.0,0.0
1616265000,1.0,0.0
1616265900,1.0,0.0
1616266800,1.0,0.0
1616267700,1.0,0.0
1616268600,1.0,0.0
1616269500,1.0,0.0
1616270400,1.0,0.0
1616271300,1.0,0.0
1616272200,1.0,0.0
1616273100,1.0,0.0
1616274000,1.0,0.0
1616274900,1.0,0.0
1616275800,1.0,0.0
1616276700,1.0,0.0
1616277600,1.0,0.0
1616278500,1.0,0.0
1616279400,1.0,0.0
1616280300,1.0,0.0
1616281200,1.0,0.0
1616282100,1.0,0.0
1616283000,1.0,0.0
1616283900,1.0,0.0
1616284800,1.0,0.0
1616285700,1.0,0.0
1616286600,1.0,0.0
1616287500,1.0,0.0
1616288400,1.0,0.0
1616289300,1.0,0.0
1616290200,1.0,0.0
1616291100,1.0,0.0
1616292000,1.0,0.0
1616292900,1.0,0.0
1616293800,1.0,0.0
1616294700,1.0,0.0
1616295600,1.0,0.0
1616296500,1.0,0.0
1616297400,1.0,0.0
1616298300,1.0,0.0
1616299200,1.0,0.0
1616300100,1.0,0.0
1616301000,1.0,0.0
1616301900,1.0,0.0
1616302800,1.0,0.0
1616303700,1.0,0.0
1616304600,1.0,0.0
1616305500,1.0,0.0
1616306400,1.0,0.0
1616307300,1.0,0.0
1616308200,1.0,0.0
1616309100,1.0,0.0
1616310000,1.0,0.0
1616310900,1.0,0.0
1616311800,1.0,0.0
1616312700,1.0,0.0
1616313600,1.0,0.0
1616314500,1.0,0.0
1616315400,1.0,0.0
1616316300,1.0,0.0
1616317200,1.0,0.0
1616318100,1.0,0.0
1616319000,1.0,0.0
1616319900,1.0,0.0
1616320800,1.0,0.0
1616321700,1.0,0.0
1616322600,1.0,0.0
1616323500,1.0,0.0
1616324400,1.0,0.0
1616325300,1.0,0.0
1616326200,1.0,0.0
1616327100,1.0,0.0
1616328000,1.0,0.0
1616328900,1.0,0.0
1616329800,1.0,0.0
1616330700,1.0,0.0
1616331600,1.0,0.0
1616332500,1.0,0.0
1616333400,1.0,0.0
1616334300,1.0,0.0
1616335200,1.0,0.0
1616336100,1.0,0.0
1616337000,1.0,0.0
1616337900,1.0,0.0
1616338800,1.0,0.0
1616339700,1.0,0.0
1616340600,1.0,0.0
1616341500,1.0,0.0
1616342400,1.0,0.0
1616343300,1.0,0.0
1616344200,1.0,0.0
1616345100,1.0,0.0
1616346000,1.0,0.0
1616346900,1.0,0.0
1616347800,1.0,0.0
1616348700,1.0,0.0
1616349600,1.0,0.0
1616350500,1.0,0.0
1616351400,1.0,0.0
1616352300,1.0,0.0
1616353200,1.0,0.0
1616354100,1.0,0.0
1616355000,1.0,0.0
1616355900,1.0,0.0
1616356800,1.0,0.0
1616357700,1.0,0.0
1616358600,1.0,0.0
1616359500,1.0,0.0
1616360400,1.0,0.0
1616361300,1.0,0.0
1616362200,1.0,0.0
1616363100,1.0,0.0
1616364000,1.0,0.0
1616364900,1.0,0.0
1616365800,1.0,0.0
1616366700,1.0,0.0
1616367600,1.0,0.0
1616368500,1.0,0.0
1616369400,1.0,0.0
1616370300,1.0,0.0
1616371200,1.0,0.0
1616372100,1.0,0.0
1616373000,1.0,0.0
1616373900,1.0,0.0
1616374800,1.0,0.0
1616375700,1.0,0.0
1616376600,1.0,0.0
1616377500,1.0,0.0
1616378400,1.0,0.0
1616379300,1.0,0.0
1616380200,1.0,0.0
1616381100,1.0,0.0
1616382000,1.0,0.0
1616382900,1.0,0.0
1616383800,1.0,0.0
1616384700,1.0,0.0
1616385600,1.0,0.0
1616386500,1.0,0.0
1616387400,1.0,0.0
1616388300,1.0,0.0
1616389200,1.0,0.0
1616390100,1.0,0.0
1616391000,1.0,0.0
1616391900,1.0,0.0
1616392800,1.0,0.0
1616393700,1.0,0.0
1616394600,1.0,0.0
1616395500,1.0,0.0
1616396400,1.0,0.0
1616397300,1.0,0.0
1616398200,1.0,0.0
1616399100,1.0,0.0
1616400000,1.0,0.0
1616400900,1.0,0.0
1616401800,1.0,0.0
1616402700,1.0,0.0
1616403600,1.0,0.0
1616404500,1.0,0.0
1616405400,1.0,0.0
1616406300,1.0,0.0
1616407200,1.0,0.0
1616408100,1.0,0.0
1616409000,1.0,0.0
1616409900,1.0,0.0
1616410800,1.0,0.0
1616411700,1.0,0.0
1616412600,1.0,0.0
1616413500,1.0,0.0
1616414400,1.0,0.0
1616415300,1.0,0.0
1616416200,1.0,0.0
1616417100,1.0,0.0
1616418000,1.0,0.0
1616418900,1.0,0.0
1616419800,1.0,0.0
1616420700,1.0,0.0
1616421600,1.0,0.0
1616422500,1.0,0.0
1616423400,1.0,0.0
1616424300,1.0,0.0
1616425200,1.0,0.0
1616426100,1.0,0.0
1616427000,1.0,0.0
1616427900,1.0,0.0
1616428800,1.0,0.0
1616429700,1.0,0.0
1616430600,1.0,0.0
1616431500,1.0,0.0
1616432400,1.0,0.0
1616433300,1.0,0.0
1616434200,1.0,0.0
1616435100,1.0,0.0
1616436000,1.0,0.0
1616436900,1.0,0.0
1616437800,1.0,0.0
1616438700,1.0,0.0
1616439600,1.0,0.0
1616440500,1.0,0.0
1616441400,1.0,0.0
1616442300,1.0,0.0
1616443200,1.0,0.0
1616444100,1.0,0.0
1616445000,1.0,0.0
1616445900,1.0,0.0
1616446800,1.0,0.0
1616447700,1.0,0.0
1616448600,1.0,0.0
1616449500,1.0,0.0
1616450400,1.0,0.0
1616451300,1.0,0.0
1616452200,1.0,0.0
1616453100,1.0,0.0
1616454000,1.0,0.0
1616454900,1.0,0.0
1616455800,1.0,0.0
1616456700,1.0,0.0
1616457600,1.0,0.0
1616458500,1.0,0.0
1616459400,1.0,0.0
1616460300,1.0,0.0
1616461200,1.0,0.0
1616462100,1.0,0.0
1616463000,1.0,0.0
1616463900,1.0,0.0
1616464800,1.0,0.0
1616465700,1.0,0.0
1616466600,1.0,0.0
1616467500,1.0,0.0
1616468400,1.0,0.0
1616469300,1.0,0.0
1616470200,1.0,0.0
1616471100,1.0,0.0
1616472000,1.0,0.0
1616472900,1.0,0.0
1616473800,1.0,0.0
1616474700,1.0,0.0
1616475600,1.0,0.0
1616476500,1.0,0.0
1616477400,1.0,0.0
1616478300,1.0,0.0
1616479200,1.0,0.0
1616480100,1.0,0.0
1616481000,1.0,0.0
1616481900,1.0,0.0
1616482800,1.0,0.0
1616483700,1.0,0.0
1616484600,1.0,0.0
1616485500,1.0,0.0
1616486400,1.0,0.0
1616487300,1.0,0.0
1616488200,1.0,0.0
1616489100,1.0,0.0
1616490000,1.0,0.0
1616490900,1.0,0.0
1616491800,1.0,0.0
1616492700,1.0,0.0
1616493600,1.0,0.0
1616494500,1.0,0.0
1616495400,1.0,0.0
1616496300,1.0,0.0
1616497200,1.0,0.0
1616498100,1.0,0.0
1616499000,1.0,0.0
1616499900,1.0,0.0
1616500800,1.0,0.0
1616501700,1.0,0.0
1616502600,1.0,0.0
1616503500,1.0,0.0
1616504400,1.0,0.0
1616505300,1.0,0.0
1616506200,1.0,0.0
1616507100,1.0,0.0
1616508000,1.0,0.0
1616508900,1.0,0.0
1616509800,1.0,0.0
1616510700,1.0,0.0
1616511600,1.0,0.0
1616512500,1.0,0.0
1616513400,1.0,0.0
1616514300,1.0,0.0
1616515200,1.0,0.0
1616516100,1.0,0.0
1616517000,1.0,0.0
1616517900,1.0,0.0
1616518800,1.0,0.0
1616519700,1.0,0.0
1616520600,1.0,0.0
1616521500,1.0,0.0
1616522400,1.0,0.0
1616523300,1.0,0.0
1616524200,1.0,0.0
1616525100,1.0,0.0
1616526000,1.0,0.0
1616526900,1.0,0.0
1616527800,1.0,0.0
1616528700,1.0,0.0
1616529600,1.0,0.0
1616530500,1.0,0.0
1616531400,1.0,0.0
1616532300,1.0,0.0
1616533200,1.0,0.0
1616534100,1.0,0.0
1616535000,1.0,0.0
1616535900,1.0,0.0
1616536800,1.0,0.0
1616537700,1.0,0.0
1616538600,1.0,0.0
1616539500,1.0,0.0
1616540400,1.0,0.0
1616541300,1.0,0.0
1616542200,1.0,0.0
1616543100,1.0,0.0
1616544000,1.0,0.0
1616544900,1.0,0.0
1616545800,1.0,0.0
1616546700,1.0,0.0
1616547600,1.0,0.0
1616548500,1.0,0.0
1616549400,1.0,0.0
1616550300,1.0,0.0
1616551200,1.0,0.0
1616552100,1.0,0.0
1616553000,1.0,0.0
1616553900,1.0,0.0
1616554800,1.0,0.0
1616555700,1.0,0.0
1616556600,1.0,0.0
1616557500,1.0,0.0
1616558400,1.0,0.0
1616559300,1.0,0.0
1616560200,1.0,0.0
1616561100,1.0,0.0
1616562000,1.0,0.0
1616562900,1.0,0.0
1616563800,1.0,0.0
1616564700,1.0,0.0
1616565600,1.0,0.0
1616566500,1.0,0.0
1616567400,1.0,0.0
1616568300,1.0,0.0
1616569200,1.0,0.0
1616570100,1.0,0.0
1616571000,1.0,0.0
1616571900,1.0,0.0
1616572800,1.0,0.0
1616573700,1.0,0.0
1616574600,1.0,0.0
1616575500,1.0,0.0
1616576400,1.0,0.0
1616577300,1.0,0.0
1616578200,1.0,0.0
1616579100,1.0,0.0
1616580000,1.0,0.0
1616580900,1.0,0.0
1616581800,1.0,0.0
1616582700,1.0,0.0
1616583600,1.0,0.0
1616584500,1.0,0.0
1616585400,1.0,0.0
1616586300,1.0,0.0
1616587200,1.0,0.0
1616588100,1.0,0.0
1616589000,1.0,0.0
1616589900,1.0,0.0
1616590800,1.0,0.0
1616591700,1.0,0.0
1616592600,1.0,0.0
1616593500,1.0,0.0
1616594400,1.0,0.0
1616595300,1.0,0.0
1616596200,1.0,0.0
1616597100,1.0,0.0
1616598000,1.0,0.0
1616598900,1.0,0.0
1616599800,1.0,0.0
1616600700,1.0,0.0
1616601600,1.0,0.0
1616602500,1.0,0.0
1616603400,1.0,0.0
1616604300,1.0,0.0
1616605200,1.0,0.0
1616606100,1.0,0.0
1616607000,1.0,0.0
1616607900,0.0,0.0
1616608800,0.0,0.0
1616609700,0.0,0.0
1616610600,0.0,0.0
1616611500,0.0,0.0
1616612400,0.0,0.0
1616613300,0.0,0.0
1616614200,0.0,0.0
1616615100,0.0,0.0
1616616000,0.0,0.0
1616616900,0.0,0.0
1616617800,0.0,0.0
1616618700,0.0,0.0
1616619600,0.0,0.0
1616620500,0.0,0.0
1616621400,0.0,0.0
1616622300,0.0,0.0
1616623200,0.0,0.0
1616624100,0.0,0.0
1616625000,1.0,10.0
1616625900,1.0,0.0
1616626800,1.0,0.0
1616627700,1.0,0.0
1616628600,1.0,0.0
1616629500,1.0,0.0
1616630400,1.0,0.0
1616631300,1.0,0.0
1616632200,1.0,0.0
1616633100,1.0,0.0
1616634000,1.0,0.0
1616634900,1.0,0.0
1616635800,1.0,0.0
1616636700,1.0,0.0
1616637600,1.0,0.0
1616638500,1.0,0.0
1616639400,1.0,0.0
1616640300,1.0,0.0
1616641200,1.0,0.0
1616642100,1.0,0.0
1616643000,1.0,0.0
1616643900,1.0,0.0
1616644800,1.0,0.0
1616645700,1.0,0.0
1616646600,1.0,0.0
1616647500,1.0,0.0
1616648400,1.0,0.0
1616649300,1.0,0.0
1616650200,1.0,0.0
1616651100,1.0,0.0
1616652000,1.0,0.0
1616652900,1.0,0.0
1616653800,1.0,0.0
1616654700,1.0,0.0
1616655600,1.0,0.0
1616656500,1.0,0.0
1616657400,1.0,0.0
1616658300,1.0,0.0
1616659200,1.0,0.0
1616660100,1.0,0.0
1616661000,1.0,0.0
1616661900,1.0,0.0
1616662800,1.0,0.0
1616663700,1.0,0.0
1616664600,1.0,0.0
1616665500,1.0,0.0
1616666400,1.0,0.0
1616667300,1.0,0.0
1616668200,1.0,0.0
1616669100,1.0,0.0
1616670000,1.0,0.0
1616670900,1.0,0.0
1616671800,1.0,0.0
1616672700,1.0,0.0
1616673600,1.0,0.0
1616674500,1.0,0.0
1616675400,1.0,0.0
1616676300,1.0,0.0
1616677200,1.0,0.0
1616678100,1.0,0.0
1616679000,1.0,0.0
1616679900,1.0,0.0
1616680800,1.0,0.0
1616681700,1.0,0.0
1616682600,1.0,0.0
1616683500,1.0,0.0
1616684400,1.0,0.0
1616685300,1.0,0.0
1616686200,1.0,0.0
1616687100,1.0,0.0
1616688000,1.0,0.0
1616688900,1.0,0.0
1616689800,1.0,0.0
1616690700,1.0,0.0
1616691600,1.0,0.0
1616692500,1.0,0.0
1616693400,1.0,0.0
1616694300,1.0,0.0
1616695200,1.0,0.0
1616696100,1.0,0.0
1616697000,1.0,0.0
1616697900,1.0,0.0
1616698800,1.0,0.0
1616699700,1.0,0.0
1616700600,1.0,0.0
1616701500,1.0,0.0
1616702400,1.0,0.0
1616703300,1.0,0.0
1616704200,1.0,0.0
1616705100,1.0,0.0
1616706000,1.0,0.0
1616706900,1.0,0.0
1616707800,1.0,0.0
1616708700,1.0,0.0
1616709600,1.0,0.0
1616710500,1.0,0.0
1616711400,1.0,0.0
1616712300,1.0,0.0
1616713200,1.0,0.0
1616714100,1.0,0.0
1616715000,1.0,0.0
1616715900,1.0,0.0
1616716800,1.0,0.0
1616717700,1.0,0.0
1616718600,1.0,0.0
1616719500,1.0,0.0
1616720400,1.0,0.0
1616721300,1.0,0.0
1616722200,1.0,0.0
1616723100,1.0,0.0
1616724000,1.0,0.0
1616724900,1.0,0.0
1616725800,1.0,0.0
1616726700,1.0,0.0
1616727600,1.0,0.0
1616728500,1.0,0.0
1616729400,1.0,0.0
1616730300,1.0,0.0
1616731200,1.0,0.0
1616732100,1.0,0.0
1616733000,1.0,0.0
1616733900,1.0,0.0
1616734800,1.0,0.0
1616735700,1.0,0.0
1616736600,1.0,0.0
1616737500,1.0,0.0
1616738400,1.0,0.0
1616739300,1.0,0.0
1616740200,1.0,0.0
1616741100,1.0,0.0
1616742000,1.0,0.0
1616742900,1.0,0.0
1616743800,1.0,0.0
1616744700,1.0,0.0
1616745600,1.0,0.0
1616746500,1.0,0.0
1616747400,1.0,0.0
1616748300,1.0,0.0
1616749200,1.0,0.0
1616750100,1.0,0.0
1616751000,1.0,0.0
1616751900,1.0,0.0
1616752800,1.0,0.0
1616753700,1.0,0.0
1616754600,1.0,0.0
1616755500,1.0,0.0
1616756400,1.0,0.0
1616757300,1.0,0.0
1616758200,1.0,0.0
1616759100,1.0,0.0
1616760000,1.0,0.0
1616760900,1.0,0.0
1616761800,1.0,0.0
1616762700,1.0,0.0
1616763600,1.0,0.0
1616764500,0.0,0.0
1616765400,0.0,0.0
1616766300,0.0,0.0
1616767200,0.0,0.0
1616768100,0.0,0.0
1616769000,0.0,0.0
1616769900,0.0,0.0
1616770800,0.0,0.0
1616771700,0.0,0.0
1616772600,0.0,0.0
1616773500,0.0,0.0
1616774400,0.0,0.0
1616775300,0.0,0.0
1616776200,0.0,0.0
1616777100,1.0,28.0
1616778000,1.0,0.0
1616778900,1.0,0.0
1616779800,1.0,0.0
1616780700,1.0,0.0
1616781600,1.0,0.0
1616782500,1.0,0.0
1616783400,1.0,0.0
1616784300,1.0,0.0
1616785200,1.0,0.0
1616786100,1.0,0.0
1616787000,1.0,0.0
1616787900,1.0,0.0
1616788800,1.0,0.0
1616789700,1.0,0.0
1616790600,1.0,0.0
1616791500,1.0,0.0
1616792400,1.0,0.0
1616793300,1.0,0.0
1616794200,1.0,0.0
1616795100,1.0,0.0
1616796000,1.0,0.0
1616796900,1.0,0.0
1616797800,1.0,0.0
1616798700,1.0,0.0
1616799600,1.0,0.0
1616800500,1.0,0.0
1616801400,1.0,0.0
1616802300,1.0,0.0
1616803200,1.0,0.0
1616804100,1.0,0.0
1616805000,1.0,0.0
1616805900,1.0,0.0
1616806800,1.0,0.0
1616807700,1.0,0.0
1616808600,1.0,0.0
1616809500,1.0,0.0
1616810400,1.0,0.0
1616811300,1.0,0.0
1616812200,1.0,0.0
1616813100,1.0,0.0
1616814000,1.0,0.0
1616814900,1.0,0.0
1616815800,1.0,0.0
1616816700,1.0,0.0
1616817600,1.0,0.0
1616818500,1.0,0.0
1616819400,1.0,0.0
1616820300,1.0,0.0
1616821200,1.0,0.0
1616822100,1.0,0.0
1616823000,1.0,0.0
1616823900,1.0,0.0
1616824800,1.0,0.0
1616825700,1.0,0.0
1616826600,1.0,0.0
1616827500,1.0,0.0
1616828400,1.0,0.0
1616829300,1.0,0.0
1616830200,1.0,0.0
1616831100,1.0,0.0
1616832000,1.0,0.0
1616832900,1.0,0.0
1616833800,1.0,0.0
1616834700,1.0,0.0
1616835600,1.0,0.0
1616836500,1.0,0.0
1616837400,1.0,0.0
1616838300,1.0,0.0
1616839200,1.0,0.0
1616840100,1.0,0.0
1616841000,1.0,0.0
1616841900,1.0,0.0
1616842800,1.0,0.0
1616843700,1.0,0.0
1616844600,1.0,0.0
1616845500,1.0,0.0
1616846400,1.0,0.0
1616847300,1.0,0.0
1616848200,1.0,0.0
1616849100,1.0,0.0
1616850000,1.0,0.0
1616850900,1.0,0.0
1616851800,1.0,0.0
1616852700,1.0,0.0
1616853600,1.0,0.0
1616854500,1.0,0.0
1616855400,1.0,0.0
1616856300,1.0,0.0
1616857200,1.0,0.0
1616858100,1.0,0.0
1616859000,1.0,0.0
1616859900,1.0,0.0
1616860800,1.0,0.0
1616861700,1.0,0.0
1616862600,1.0,0.0
1616863500,1.0,0.0
1616864400,1.0,0.0
1616865300,1.0,0.0
1616866200,1.0,0.0
1616867100,1.0,0.0
1616868000,1.0,0.0
1616868900,1.0,0.0
1616869800,1.0,0.0
1616870700,1.0,0.0
1616871600,1.0,0.0
1616872500,1.0,0.0
1616873400,1.0,0.0
1616874300,1.0,0.0
1616875200,1.0,0.0
1616876100,1.0,0.0
1616877000,1.0,0.0
1616877900,1.0,0.0
1616878800,1.0,0.0
1616879700,1.0,0.0
1616880600,1.0,0.0
1616881500,1.0,0.0
1616882400,1.0,0.0
1616883300,1.0,0.0
1616884200,1.0,0.0
1616885100,1.0,0.0
1616886000,1.0,0.0
1616886900,1.0,0.0
1616887800,1.0,0.0
1616888700,1.0,0.0
1616889600,1.0,0.0
1616890500,1.0,0.0
1616891400,1.0,0.0
1616892300,1.0,0.0
1616893200,1.0,0.0
1616894100,1.0,0.0
1616895000,1.0,0.0
1616895900,1.0,0.0
1616896800,1.0,0.0
1616897700,1.0,0.0
1616898600,1.0,0.0
1616899500,1.0,0.0
1616900400,1.0,0.0
1616901300,1.0,0.0
1616902200,1.0,0.0
1616903100,1.0,0.0
1616904000,1.0,0.0
1616904900,1.0,0.0
1616905800,1.0,0.0
1616906700,1.0,0.0
1616907600,1.0,0.0
1616908500,1.0,0.0
1616909400,1.0,0.0
1616910300,1.0,0.0
1616911200,1.0,0.0
1616912100,1.0,0.0
1616913000,1.0,0.0
1616913900,1.0,0.0
1616914800,1.0,0.0
1616915700,1.0,0.0
1616916600,1.0,0.0
1616917500,1.0,0.0
1616918400,1.0,0.0
1616919300,1.0,0.0
1616920200,1.0,0.0
1616921100,1.0,0.0
1616922000,1.0,0.0
1616922900,1.0,0.0
1616923800,1.0,0.0
1616924700,1.0,0.0
1616925600,1.0,0.0
1616926500,1.0,0.0
1616927400,1.0,0.0
1616928300,1.0,0.0
1616929200,1.0,0.0
1616930100,1.0,0.0
1616931000,1.0,0.0
1616931900,1.0,0.0
1616932800,1.0,0.0
1616933700,1.0,0.0
1616934600,1.0,0.0
1616935500,1.0,0.0
1616936400,1.0,0.0
1616937300,1.0,0.0
1616938200,1.0,0.0
1616939100,0.0,0.0
1616940000,0.0,0.0
1616940900,0.0,0.0
1616941800,0.0,0.0
1616942700,0.0,0.0
1616943600,0.0,0.0
1616944500,0.0,0.0
1616945400,0.0,0.0
1616946300,0.0,0.0
1616947200,0.0,0.0
1616948100,0.0,0.0
1616949000,0.0,0.0
1616949900,0.0,0.0
1616950800,1.0,12.0
1616951700,1.0,0.0
1616952600,1.0,0.0
1616953500,1.0,0.0
1616954400,1.0,0.0
1616955300,1.0,0.0
1616956200,1.0,0.0
1616957100,1.0,0.0
1616958000,1.0,0.0
1616958900,1.0,0.0
1616959800,1.0,0.0
1616960700,1.0,0.0
1616961600,1.0,0.0
1616962500,1.0,0.0
1616963400,1.0,0.0
1616964300,1.0,0.0
1616965200,1.0,0.0
1616966100,1.0,0.0
1616967000,1.0,0.0
1616967900,1.0,0.0
1616968800,1.0,0.0
1616969700,1.0,0.0
1616970600,1.0,0.0
1616971500,1.0,0.0
1616972400,1.0,0.0
1616973300,1.0,0.0
1616974200,1.0,0.0
1616975100,1.0,0.0
1616976000,1.0,0.0
1616976900,1.0,0.0
1616977800,1.0,0.0
1616978700,1.0,0.0
1616979600,1.0,0.0
1616980500,1.0,0.0
1616981400,1.0,0.0
1616982300,1.0,0.0
1616983200,1.0,0.0
1616984100,1.0,0.0
1616985000,1.0,0.0
1616985900,1.0,0.0
1616986800,1.0,0.0
1616987700,1.0,0.0
1616988600,1.0,0.0
1616989500,1.0,0.0
1616990400,1.0,0.0
1616991300,1.0,0.0
1616992200,1.0,0.0
1616993100,1.0,0.0
1616994000,1.0,0.0
1616994900,1.0,0.0
1616995800,1.0,0.0
1616996700,1.0,0.0
1616997600,1.0,0.0
1616998500,1.0,0.0
1616999400,1.0,0.0
1617000300,1.0,0.0
1617001200,1.0,0.0
1617002100,1.0,0.0
1617003000,1.0,0.0
1617003900,1.0,0.0
1617004800,1.0,0.0
1617005700,1.0,0.0
1617006600,1.0,0.0
1617007500,1.0,0.0
1617008400,1.0,0.0
1617009300,1.0,0.0
1617010200,1.0,0.0
1617011100,1.0,0.0
1617012000,1.0,0.0
1617012900,1.0,0.0
1617013800,1.0,0.0
1617014700,1.0,0.0
1617015600,1.0,0.0
1617016500,1.0,0.0
1617017400,1.0,0.0
1617018300,1.0,0.0
1617019200,1.0,0.0
1617020100,1.0,0.0
1617021000,1.0,0.0
1617021900,1.0,0.0
1617022800,1.0,0.0
1617023700,1.0,0.0
1617024600,1.0,0.0
1617025500,1.0,0.0
1617026400,1.0,0.0
1617027300,1.0,0.0
1617028200,1.0,0.0
1617029100,1.0,0.0
1617030000,1.0,0.0
1617030900,1.0,0.0
1617031800,1.0,0.0
1617032700,1.0,0.0
1617033600,1.0,0.0
1617034500,1.0,0.0
1617035400,1.0,0.0
1617036300,1.0,0.0
1617037200,1.0,0.0
1617038100,1.0,0.0
1617039000,1.0,0.0
1617039900,1.0,0.0
1617040800,1.0,0.0
1617041700,1.0,0.0
1617042600,1.0,0.0
1617043500,1.0,0.0
1617044400,1.0,0.0
1617045300,1.0,0.0
1617046200,1.0,0.0
1617047100,1.0,0.0
1617048000,1.0,0.0
1617048900,1.0,0.0
1617049800,1.0,0.0
1617050700,1.0,0.0
1617051600,1.0,0.0
1617052500,1.0,0.0
1617053400,1.0,0.0
1617054300,1.0,0.0
1617055200,1.0,0.0
1617056100,1.0,0.0
1617057000,1.0,0.0
1617057900,1.0,0.0
1617058800,1.0,0.0
1617059700,1.0,0.0
1617060600,1.0,0.0
1617061500,1.0,0.0
1617062400,1.0,0.0
1617063300,1.0,0.0
1617064200,1.0,0.0
1617065100,1.0,0.0
1617066000,1.0,0.0
1617066900,1.0,0.0
1617067800,1.0,0.0
1617068700,1.0,0.0
1617069600,1.0,0.0
1617070500,1.0,0.0
1617071400,1.0,0.0
1617072300,1.0,0.0
1617073200,1.0,0.0
1617074100,1.0,0.0
1617075000,1.0,0.0
1617075900,1.0,0.0
1617076800,1.0,0.0
1617077700,1.0,0.0
1617078600,1.0,0.0
1617079500,1.0,0.0
1617080400,1.0,0.0
1617081300,1.0,0.0
1617082200,1.0,0.0
1617083100,1.0,0.0
1617084000,1.0,0.0
1617084900,1.0,0.0
1617085800,1.0,0.0
1617086700,1.0,0.0
1617087600,1.0,0.0
1617088500,1.0,0.0
1617089400,1.0,0.0
1617090300,1.0,0.0
1617091200,1.0,0.0
1617092100,1.0,0.0
1617093000,1.0,0.0
1617093900,1.0,0.0
1617094800,1.0,0.0
1617095700,1.0,0.0
1617096600,1.0,0.0
1617097500,1.0,0.0
1617098400,1.0,0.0
1617099300,1.0,0.0
1617100200,1.0,0.0
1617101100,1.0,0.0
1617102000,1.0,0.0
1617102900,1.0,0.0
1617103800,1.0,0.0
1617104700,1.0,0.0
1617105600,1.0,0.0
1617106500,1.0,0.0
1617107400,1.0,0.0
1617108300,1.0,0.0
1617109200,1.0,0.0
1617110100,1.0,0.0
1617111000,1.0,0.0
1617111900,1.0,0.0
1617112800,1.0,0.0
1617113700,1.0,0.0
1617114600,1.0,0.0
1617115500,1.0,0.0
1617116400,1.0,0.0
1617117300,1.0,0.0
1617118200,1.0,0.0
1617119100,1.0,0.0
1617120000,1.0,0.0
1617120900,1.0,0.0
1617121800,1.0,0.0
1617122700,1.0,0.0
1617123600,1.0,0.0
1617124500,1.0,0.0
1617125400,1.0,0.0
1617126300,1.0,0.0
1617127200,1.0,0.0
1617128100,1.0,0.0
1617129000,1.0,0.0
1617129900,1.0,0.0
1617130800,1.0,0.0
1617131700,1.0,0.0
1617132600,1.0,0.0
1617133500,1.0,0.0
1617134400,1.0,0.0
1617135300,1.0,0.0
1617136200,1.0,0.0
1617137100,1.0,0.0
1617138000,1.0,0.0
1617138900,1.0,0.0
1617139800,1.0,0.0
1617140700,1.0,0.0
1617141600,1.0,0.0
1617142500,1.0,0.0
1617143400,1.0,0.0
1617144300,1.0,0.0
1617145200,1.0,0.0
1617146100,1.0,0.0
1617147000,1.0,0.0
1617147900,1.0,0.0
1617148800,1.0,0.0
1617149700,1.0,0.0
1617150600,1.0,0.0
1617151500,1.0,0.0
1617152400,1.0,0.0
1617153300,1.0,0.0
1617154200,1.0,0.0
1617155100,1.0,0.0
1617156000,1.0,0.0
1617156900,1.0,0.0
1617157800,1.0,0.0
1617158700,1.0,0.0
1617159600,1.0,0.0
1617160500,1.0,0.0
1617161400,1.0,0.0
1617162300,1.0,0.0
1617163200,1.0,0.0
1617164100,1.0,0.0
1617165000,1.0,0.0
1617165900,1.0,0.0
1617166800,1.0,0.0
1617167700,1.0,0.0
1617168600,1.0,0.0
1617169500,1.0,0.0
1617170400,1.0,0.0
1617171300,0.0,0.0
1617172200,0.0,0.0
1617173100,0.0,0.0
1617174000,0.0,0.0
1617174900,0.0,0.0
1617175800,0.0,0.0
1617176700,0.0,0.0
1617177600,0.0,0.0
1617178500,0.0,0.0
1617179400,0.0,0.0
1617180300,0.0,0.0
1617181200,0.0,0.0
1617182100,0.0,0.0
1617183000,0.0,0.0
1617183900,0.0,0.0
1617184800,0.0,0.0
1617185700,0.0,0.0
1617186600,0.0,0.0
1617187500,0.0,0.0
1617188400,0.0,0.0
1617189300,0.0,0.0
1617190200,0.0,0.0
1617191100,0.0,0.0
1617192000,0.0,0.0
1617192900,0.0,0.0
1617193800,0.0,0.0
1617194700,0.0,0.0
1617195600,0.0,0.0
1617196500,0.0,0.0
1617197400,0.0,0.0
1617198300,0.0,0.0
1617199200,0.0,0.0
1617200100,0.0,0.0
1617201000,0.0,0.0
1617201900,0.0,0.0
1617202800,0.0,0.0
1617203700,0.0,0.0
1617204600,0.0,0.0
1617205500,0.0,0.0
1617206400,0.0,0.0
1617207300,1.0,80.0
1617208200,1.0,0.0
1617209100,1.0,0.0
1617210000,1.0,0.0
1617210900,1.0,0.0
1617211800,1.0,0.0
1617212700,1.0,0.0
1617213600,1.0,0.0
1617214500,1.0,0.0
1617215400,1.0,0.0
1617216300,1.0,0.0
1617217200,1.0,0.0
1617218100,1.0,0.0
1617219000,1.0,0.0
1617219900,1.0,0.0
1617220800,1.0,0.0
1617221700,1.0,0.0
1617222600,1.0,0.0
1617223500,1.0,0.0
1617224400,1.0,0.0
1617225300,1.0,0.0
1617226200,1.0,0.0
1617227100,1.0,0.0
