timestamp,power,heat
1613343600,2846,0
1613344500,2684,0
1613345400,2695,0
1613346300,2788,0
1613347200,2755,0
1613348100,2774,0
1613349000,2592,0
1613349900,2853,0
1613350800,2713,0
1613351700,3412,0
1613352600,2726,0
1613353500,2799,0
1613354400,2754,0
1613355300,2632,0
1613356200,2767,0
1613357100,2742,0
1613358000,2728,0
1613358900,2664,0
1613359800,1626,0
1613360700,548,0
1613361600,548,0
1613362500,479,0
1613363400,379,0
1613364300,1075,0
1613365200,456,0
1613366100,431,6320
1613367000,289,6320
1613367900,569,6320
1613368800,397,6320
1613369700,465,6240
1613370600,449,5424
1613371500,409,5184
1613372400,417,5168
1613373300,459,5152
1613374200,594,5152
1613375100,483,5152
1613376000,550,5152
1613376900,526,5152
1613377800,506,5152
1613378700,513,5152
1613379600,347,4944
1613380500,528,0
1613381400,328,0
1613382300,370,0
1613383200,396,0
1613384100,393,0
1613385000,284,0
1613385900,526,0
1613386800,386,0
1613387700,417,768
1613388600,298,3952
1613389500,511,1840
1613390400,353,1760
1613391300,383,1792
1613392200,450,1824
1613393100,441,1824
1613394000,399,1808
1613394900,349,1840
1613395800,481,1888
1613396700,426,1824
1613397600,566,1744
1613398500,457,1744
1613399400,538,1824
1613400300,322,1904
1613401200,452,2080
1613402100,401,2128
1613403000,338,2176
1613403900,502,2160
1613404800,298,2240
1613405700,559,6320
1613406600,424,6192
1613407500,439,0
1613408400,458,0
1613409300,469,0
1613410200,432,0
1613411100,466,2704
1613412000,442,3296
1613412900,375,2432
1613413800,547,6320
1613414700,288,6208
1613415600,591,6176
1613416500,413,6080
1613417400,459,0
1613418300,393,0
1613419200,448,0
1613420100,468,0
1613421000,406,0
1613421900,488,6256
1613422800,1556,6320
1613423700,1599,6320
1613424600,1633,6320
1613425500,2619,6080
1613426400,2229,5296
1613427300,1399,0
1613428200,1795,0
1613429100,2684,0
1613430000,2754,0
1613430900,2643,0
1613431800,2768,0
1613432700,2678,0
1613433600,2609,0
1613434500,2850,0
1613435400,2668,0
1613436300,3339,0
1613437200,2929,0
1613438100,2675,0
1613439000,2734,0
1613439900,2602,0
1613440800,2765,0
1613441700,2579,0
1613442600,2821,0
1613443500,2718,0
1613444400,2892,0
1613445300,2424,0
1613446200,1452,0
1613447100,814,0
1613448000,878,0
1613448900,536,0
1613449800,315,0
1613450700,578,0
1613451600,437,0
1613452500,458,6320
1613453400,474,6320
1613454300,495,6320
1613455200,406,6320
1613456100,514,6064
1613457000,561,5280
1613457900,294,5136
1613458800,604,5120
1613459700,453,5120
1613460600,424,5120
1613461500,473,5104
1613462400,524,5104
1613463300,529,5104
1613464200,472,5104
1613465100,580,5104
1613466000,327,4176
1613466900,519,0
1613467800,465,0
1613468700,358,0
1613469600,517,0
1613470500,298,0
1613471400,563,0
1613472300,249,0
1613473200,542,0
1613474100,262,0
1613475000,401,0
1613475900,357,0
1613476800,242,0
1613477700,419,0
1613478600,236,0
1613479500,422,0
1613480400,301,0
1613481300,459,0
1613482200,318,0
1613483100,464,0
1613484000,426,0
1613484900,354,0
1613485800,436,0
1613486700,564,0
1613487600,265,0
1613488500,586,5600
1613489400,352,5488
1613490300,486,0
1613491200,503,0
1613492100,504,0
1613493000,379,0
1613493900,456,0
1613494800,591,5568
1613495700,431,5488
1613496600,402,0
1613497500,498,0
1613498400,513,0
1613499300,430,0
1613500200,418,0
1613501100,603,5584
1613502000,456,5488
1613502900,399,0
1613503800,504,0
1613504700,519,5520
1613505600,445,5440
1613506500,408,0
1613507400,609,5440
1613508300,281,5360
1613509200,1633,5344
1613510100,1546,6320
1613511000,1591,6048
1613511900,1442,5248
1613512800,1811,5104
1613513700,1616,0
1613514600,2466,0
1613515500,2818,0
1613516400,2738,0
1613517300,2699,0
1613518200,2704,0
1613519100,2781,0
1613520000,2651,0
1613520900,2711,0
1613521800,2837,0
1613522700,2570,0
1613523600,3542,0
1613524500,2723,0
1613525400,2732,0
1613526300,2793,0
1613527200,2551,0
1613528100,2839,0
1613529000,2639,0
1613529900,2783,0
1613530800,2447,0
1613531700,751,0
1613532600,439,0
1613533500,497,0
1613534400,460,0
1613535300,380,0
1613536200,791,0
1613537100,890,0
1613538000,451,0
1613538900,510,6320
1613539800,430,6320
1613540700,471,6320
1613541600,464,6320
1613542500,609,5776
1613543400,290,5152
1613544300,559,5072
1613545200,501,5056
1613546100,422,5056
1613547000,468,5056
1613547900,474,5056
1613548800,599,5040
1613549700,448,5040
1613550600,579,5040
1613551500,481,5024
1613552400,527,3376
1613553300,349,0
1613554200,481,0
1613555100,528,0
1613556000,427,0
1613556900,360,0
1613557800,427,0
1613558700,532,0
1613559600,284,0
1613560500,490,0
1613561400,377,0
1613562300,304,0
1613563200,521,0
1613564100,349,0
1613565000,332,0
1613565900,505,0
1613566800,242,0
1613567700,535,0
1613568600,291,0
1613569500,464,0
1613570400,373,0
1613571300,427,0
1613572200,421,0
1613573100,393,0
1613574000,433,0
1613574900,468,0
1613575800,404,0
1613576700,335,0
1613577600,529,0
1613578500,449,0
1613579400,412,0
1613580300,429,0
1613581200,400,0
1613582100,481,0
1613583000,430,0
1613583900,452,0
1613584800,312,0
1613585700,570,4848
1613586600,254,4768
1613587500,581,4752
1613588400,303,4672
1613589300,537,4656
1613590200,358,4592
1613591100,483,4576
1613592000,418,4512
1613592900,404,0
1613593800,445,0
1613594700,492,4576
1613595600,1416,6320
1613596500,1601,6320
1613597400,1375,6224
1613598300,1673,5296
1613599200,1771,5056
1613600100,2711,0
1613601000,2846,0
1613601900,3826,0
1613602800,3869,0
1613603700,3657,0
1613604600,3845,0
1613605500,2878,0
1613606400,2644,0
1613607300,2670,0
1613608200,2775,0
1613609100,2595,0
1613610000,2685,0
1613610900,2776,0
1613611800,2658,0
1613612700,2727,0
1613613600,2696,0
1613614500,2814,0
1613615400,2571,0
1613616300,2768,0
1613617200,3081,0
1613618100,3076,0
1613619000,1125,0
1613619900,446,0
1613620800,366,0
1613621700,496,0
1613622600,500,0
1613623500,370,0
1613624400,414,0
1613625300,465,6320
1613626200,452,6320
1613627100,382,6320
1613628000,500,6320
1613628900,357,5552
1613629800,530,5072
1613630700,288,5024
1613631600,433,5024
1613632500,440,5008
1613633400,507,5008
1613634300,384,5008
1613635200,514,5008
1613636100,378,4992
1613637000,464,4992
1613637900,593,4992
1613638800,344,2976
1613639700,490,0
1613640600,502,0
1613641500,330,0
1613642400,555,0
1613643300,370,0
1613644200,495,0
1613645100,448,0
1613646000,368,0
1613646900,481,0
1613647800,332,0
1613648700,497,0
1613649600,303,0
1613650500,448,0
1613651400,354,0
1613652300,430,0
1613653200,415,0
1613654100,400,0
1613655000,463,0
1613655900,298,0
1613656800,565,0
1613657700,265,0
1613658600,574,0
1613659500,301,0
1613660400,530,0
1613661300,381,0
1613662200,449,0
1613663100,490,0
1613664000,341,0
1613664900,455,0
1613665800,420,0
1613666700,532,0
1613667600,334,0
1613668500,482,0
1613669400,385,0
1613670300,433,0
1613671200,404,0
1613672100,474,0
1613673000,414,0
1613673900,469,0
1613674800,360,0
1613675700,523,4400
1613676600,316,4336
1613677500,535,4304
1613678400,396,4240
1613679300,450,0
1613680200,471,0
1613681100,372,0
1613682000,1619,4304
1613682900,1331,6320
1613683800,1639,6320
1613684700,728,6320
1613685600,490,3728
1613686500,433,0
1613687400,389,0
1613688300,1173,0
1613689200,1605,0
1613690100,2866,0
1613691000,2745,0
1613691900,2663,0
1613692800,2802,0
1613693700,2773,0
1613694600,2646,0
1613695500,2717,0
1613696400,3405,0
1613697300,2894,0
1613698200,2658,0
1613699100,2780,0
1613700000,2809,0
1613700900,2651,0
1613701800,2763,0
1613702700,2703,0
1613703600,2723,0
1613704500,2773,0
1613705400,2697,0
1613706300,2113,0
1613707200,338,0
1613708100,471,0
1613709000,638,0
1613709900,834,0
1613710800,567,0
1613711700,300,6320
1613712600,516,6320
1613713500,351,6320
1613714400,467,6288
1613715300,400,5344
1613716200,437,4992
1613717100,396,4960
1613718000,472,4944
1613718900,332,4944
1613719800,528,4944
1613720700,285,4928
1613721600,571,4928
1613722500,241,4928
1613723400,576,4928
1613724300,333,4912
1613725200,476,2432
1613726100,431,0
1613727000,379,0
1613727900,539,0
1613728800,272,0
1613729700,585,0
1613730600,270,0
1613731500,545,0
1613732400,315,0
1613733300,497,0
1613734200,399,0
1613735100,409,0
1613736000,535,0
1613736900,297,0
1613737800,557,0
1613738700,334,0
1613739600,481,0
1613740500,441,0
1613741400,373,0
1613742300,536,0
1613743200,295,0
1613744100,565,0
1613745000,299,0
1613745900,527,0
1613746800,339,0
1613747700,472,0
1613748600,390,0
1613749500,436,0
1613750400,411,0
1613751300,444,0
1613752200,478,0
1613753100,364,0
1613754000,467,0
1613754900,380,0
1613755800,429,0
1613756700,381,0
1613757600,482,0
1613758500,339,0
1613759400,521,3808
1613760300,310,3760
1613761200,549,3744
1613762100,260,3680
1613763000,559,3680
1613763900,317,3632
1613764800,496,3616
1613765700,393,3568
1613766600,428,0
1613767500,475,3600
1613768400,1428,6320
1613769300,1631,6320
1613770200,1378,6176
1613771100,1614,5168
1613772000,1418,4944
1613772900,1578,0
1613773800,1522,0
1613774700,347,0
1613775600,610,0
1613776500,2460,0
1613777400,2783,0
1613778300,2587,0
1613779200,2705,0
1613780100,2775,0
1613781000,2485,0
1613781900,2799,0
1613782800,2625,0
1613783700,2643,0
1613784600,2776,0
1613785500,3397,0
1613786400,2760,0
1613787300,2686,0
1613788200,2660,0
1613789100,2646,0
1613790000,2819,0
1613790900,2548,0
1613791800,2769,0
1613792700,1709,0
1613793600,961,0
1613794500,567,0
1613795400,235,0
1613796300,576,0
1613797200,367,0
1613798100,442,6320
1613799000,515,6320
1613799900,293,6320
1613800800,566,6208
1613801700,240,5184
1613802600,585,4928
1613803500,286,4896
1613804400,520,4896
1613805300,356,4896
1613806200,444,4880
1613807100,441,4880
1613808000,355,4880
1613808900,484,4864
1613809800,335,4864
1613810700,528,4848
1613811600,310,2048
1613812500,502,0
1613813400,356,0
1613814300,434,0
1613815200,491,0
1613816100,315,0
1613817000,405,0
1613817900,442,0
1613818800,361,0
1613819700,483,0
1613820600,473,0
1613821500,380,0
1613822400,452,0
1613823300,514,0
1613824200,293,0
1613825100,490,0
1613826000,304,0
1613826900,421,0
1613827800,372,0
1613828700,367,0
1613829600,399,0
1613830500,352,0
1613831400,426,0
1613832300,361,0
1613833200,450,0
1613834100,340,0
1613835000,454,0
1613835900,332,0
1613836800,478,0
1613837700,307,0
1613838600,534,2960
1613839500,243,2912
1613840400,498,0
1613841300,328,0
1613842200,448,0
1613843100,382,0
1613844000,387,0
1613844900,456,0
1613845800,317,0
1613846700,493,3008
1613847600,358,2976
1613848500,441,0
1613849400,494,2992
1613850300,311,2960
1613851200,557,2944
1613852100,253,2912
1613853000,587,2912
1613853900,249,2880
1613854800,1612,2880
1613855700,1499,6320
1613856600,1432,6320
1613857500,998,6048
1613858400,272,2128
1613859300,573,0
1613860200,228,0
1613861100,1104,0
1613862000,2635,0
1613862900,2748,0
1613863800,2776,0
1613864700,2574,0
1613865600,2818,0
1613866500,2605,0
1613867400,2763,0
1613868300,2707,0
1613869200,2632,0
1613870100,2781,0
1613871000,3320,0
1613871900,2753,0
1613872800,2685,0
1613873700,2637,0
1613874600,2687,0
1613875500,2670,0
1613876400,2747,0
1613877300,2605,0
1613878200,1423,0
1613879100,339,0
1613880000,547,0
1613880900,251,0
1613881800,581,0
1613882700,243,0
1613883600,571,0
1613884500,296,6320
1613885400,522,6320
1613886300,343,6320
1613887200,479,6112
1613888100,392,5056
1613889000,427,4864
1613889900,393,4848
1613890800,460,4832
1613891700,350,4832
1613892600,535,4832
1613893500,286,4816
1613894400,578,4816
1613895300,230,4800
1613896200,593,4800
1613897100,243,4800
1613898000,551,1696
1613898900,289,0
1613899800,480,0
1613900700,354,0
1613901600,404,0
1613902500,422,0
1613903400,328,0
1613904300,454,0
1613905200,297,0
1613906100,450,0
1613907000,262,0
1613907900,380,0
1613908800,219,0
1613909700,420,0
1613910600,212,0
1613911500,424,0
1613912400,319,0
1613913300,367,0
1613914200,278,0
1613915100,420,0
1613916000,329,0
1613916900,348,0
1613917800,415,0
1613918700,312,0
1613919600,458,0
1613920500,331,0
1613921400,437,0
1613922300,331,0
1613923200,416,0
1613924100,348,0
1613925000,422,0
1613925900,343,0
1613926800,466,0
1613927700,321,0
1613928600,491,2672
1613929500,306,2640
1613930400,520,2624
1613931300,278,2608
1613932200,475,2592
1613933100,271,2576
1613934000,393,0
1613934900,368,0
1613935800,401,0
1613936700,366,0
1613937600,416,0
1613938500,346,0
1613939400,444,2736
1613940300,324,2720
1613941200,1519,2704
1613942100,1369,6320
1613943000,1556,6320
1613943900,507,2512
1613944800,483,0
1613945700,247,0
1613946600,1437,0
1613947500,1465,0
1613948400,2806,0
1613949300,2622,0
1613950200,2755,0
1613951100,2596,0
1613952000,2778,0
1613952900,2586,0
1613953800,2720,0
1613954700,2593,0
1613955600,3255,0
1613956500,2846,0
1613957400,2674,0
1613958300,2681,0
1613959200,2589,0
1613960100,2722,0
1613961000,2557,0
1613961900,2783,0
1613962800,2542,0
1613963700,2805,0
1613964600,2108,0
1613965500,634,0
1613966400,284,0
1613967300,467,0
1613968200,307,0
1613969100,1081,0
1613970000,336,0
1613970900,424,6320
1613971800,371,6320
1613972700,393,6320
1613973600,397,6064
1613974500,375,5024
1613975400,513,4848
1613976300,319,4816
1613977200,496,4816
1613978100,323,4816
1613979000,454,4800
1613979900,359,4800
1613980800,423,4800
1613981700,360,4784
1613982600,440,4784
1613983500,328,4784
1613984400,482,1600
1613985300,286,0
1613986200,464,0
1613987100,301,0
1613988000,433,0
1613988900,328,0
1613989800,387,0
1613990700,368,0
1613991600,331,0
1613992500,428,0
1613993400,329,0
1613994300,404,0
1613995200,351,0
1613996100,333,0
1613997000,423,0
1613997900,312,0
1613998800,318,0
1613999700,435,0
1614000600,213,0
1614001500,437,0
1614002400,337,0
1614003300,321,0
1614004200,394,0
1614005100,395,0
1614006000,313,0
1614006900,376,0
1614007800,424,0
1614008700,254,0
1614009600,561,2464
1614010500,209,2448
1614011400,567,2432
1614012300,237,2400
1614013200,520,2384
1614014100,292,2352
1614015000,383,0
1614015900,422,0
1614016800,222,0
1614017700,514,2416
1614018600,256,2384
1614019500,400,0
1614020400,385,0
1614021300,324,0
1614022200,483,2448
1614023100,284,2432
1614024000,428,2432
1614024900,348,2400
1614025800,362,0
1614026700,371,0
1614027600,1450,2464
1614028500,1297,6320
1614029400,1588,6320
1614030300,1035,6320
1614031200,402,2032
1614032100,412,0
1614033000,244,0
1614033900,533,0
1614034800,240,0
1614035700,2667,0
1614036600,2648,0
1614037500,2666,0
1614038400,2768,0
1614039300,2590,0
1614040200,2795,0
1614041100,2592,0
1614042000,3498,0
1614042900,2618,0
1614043800,2662,0
1614044700,2629,0
1614045600,2736,0
1614046500,2559,0
1614047400,2651,0
1614048300,2758,0
1614049200,2543,0
1614050100,2716,0
1614051000,2144,0
1614051900,1294,0
1614052800,262,0
1614053700,427,0
1614054600,966,0
1614055500,396,0
1614056400,506,0
1614057300,283,6320
1614058200,368,6320
1614059100,345,6320
1614060000,431,5984
1614060900,286,4944
1614061800,356,4800
1614062700,480,4784
1614063600,263,4768
1614064500,556,4768
1614065400,228,4752
1614066300,472,4736
1614067200,312,4720
1614068100,390,4704
1614069000,389,4704
1614069900,349,4688
1614070800,399,1328
1614071700,372,0
1614072600,319,0
1614073500,454,0
1614074400,294,0
1614075300,456,0
1614076200,341,0
1614077100,321,0
1614078000,453,0
1614078900,216,0
1614079800,515,0
1614080700,241,0
1614081600,279,0
1614082500,416,0
1614083400,278,0
1614084300,331,0
1614085200,423,0
1614086100,276,0
1614087000,365,0
1614087900,385,0
1614088800,290,0
1614089700,397,0
1614090600,380,0
1614091500,285,0
1614092400,485,0
1614093300,221,0
1614094200,437,0
1614095100,341,0
1614096000,335,0
1614096900,402,0
1614097800,366,0
1614098700,312,0
1614099600,456,0
1614100500,345,0
1614101400,370,0
1614102300,387,0
1614103200,274,0
1614104100,480,2144
1614105000,196,2128
1614105900,434,2112
1614106800,320,2096
1614107700,338,0
1614108600,346,0
1614109500,416,2128
1614110400,279,2128
1614111300,423,2112
1614112200,384,2112
1614113100,251,0
1614114000,1555,2128
1614114900,1334,6320
1614115800,1461,6320
1614116700,1489,6304
1614117600,1441,5200
1614118500,1442,0
1614119400,1533,0
1614120300,1416,0
1614121200,741,0
1614122100,380,0
1614123000,2377,0
1614123900,2717,0
1614124800,2506,0
1614125700,2791,0
1614126600,2534,0
1614127500,2768,0
1614128400,2548,0
1614129300,2726,0
1614130200,2580,0
1614131100,2698,0
1614132000,2612,0
1614132900,3177,0
1614133800,2893,0
1614134700,2684,0
1614135600,2653,0
1614136500,856,0
1614137400,365,0
1614138300,368,0
1614139200,383,0
1614140100,697,0
1614141000,1626,0
1614141900,2269,0
1614142800,266,0
1614143700,495,6320
1614144600,226,6320
1614145500,516,6320
1614146400,265,5840
1614147300,510,4800
1614148200,295,4672
1614149100,472,4640
1614150000,330,4624
1614150900,436,4624
1614151800,346,4608
1614152700,421,4592
1614153600,340,4592
1614154500,421,4576
1614155400,343,4560
1614156300,393,4544
1614157200,369,960
1614158100,373,0
1614159000,383,0
1614159900,328,0
1614160800,426,0
1614161700,286,0
1614162600,385,0
1614163500,370,0
1614164400,248,0
1614165300,437,0
1614166200,225,0
1614167100,371,0
1614168000,234,0
1614168900,326,0
1614169800,280,0
1614170700,273,0
1614171600,425,0
1614172500,205,0
1614173400,401,0
1614174300,177,0
1614175200,481,0
1614176100,231,0
1614177000,399,0
1614177900,324,0
1614178800,334,0
1614179700,398,0
1614180600,270,0
1614181500,442,0
1614182400,272,0
1614183300,376,0
1614184200,369,0
1614185100,316,0
1614186000,427,0
1614186900,250,0
1614187800,500,1568
1614188700,208,1568
1614189600,538,1552
1614190500,193,1552
1614191400,556,1536
1614192300,199,1536
1614193200,542,1520
1614194100,209,1520
1614195000,540,1520
1614195900,228,1520
1614196800,492,1520
1614197700,291,1520
1614198600,425,1520
1614199500,356,1520
1614200400,1457,1504
1614201300,1420,6320
1614202200,1459,6320
1614203100,777,6272
1614204000,321,1104
1614204900,376,0
1614205800,316,0
1614206700,412,0
1614207600,793,0
1614208500,1460,0
1614209400,2457,0
1614210300,2744,0
1614211200,2671,0
1614212100,2731,0
1614213000,2665,0
1614213900,2725,0
1614214800,2937,0
1614215700,3163,0
1614216600,2593,0
1614217500,2804,0
1614218400,2610,0
1614219300,2819,0
1614220200,2584,0
1614221100,2765,0
1614222000,889,0
1614222900,448,0
1614223800,265,0
1614224700,436,0
1614225600,275,0
1614226500,427,0
1614227400,729,0
1614228300,2261,0
1614229200,295,0
1614230100,417,6320
1614231000,301,6320
1614231900,378,6320
1614232800,339,5712
1614233700,336,4688
1614234600,385,4560
1614235500,289,4528
1614236400,428,4528
1614237300,247,4512
1614238200,465,4512
1614239100,435,4496
1614240000,372,4480
1614240900,398,4480
1614241800,428,4464
1614242700,347,4448
1614243600,366,704
1614244500,407,0
1614245400,301,0
1614246300,461,0
1614247200,224,0
1614248100,461,0
1614249000,280,0
1614249900,451,0
1614250800,338,0
1614251700,448,0
1614252600,325,0
1614253500,420,0
1614254400,258,0
1614255300,437,0
1614256200,256,0
1614257100,436,0
1614258000,268,0
1614258900,421,0
1614259800,377,0
1614260700,386,0
1614261600,359,0
1614262500,422,0
1614263400,384,0
1614264300,424,0
1614265200,383,0
1614266100,375,0
1614267000,269,0
1614267900,483,1088
1614268800,231,1104
1614269700,513,1072
1614270600,238,1072
1614271500,498,1056
1614272400,250,1056
1614273300,484,1040
1614274200,265,1056
1614275100,474,1040
1614276000,280,1056
1614276900,445,1040
1614277800,310,1056
1614278700,355,0
1614279600,244,0
1614280500,140,0
1614281400,257,0
1614282300,125,0
1614283200,257,0
1614284100,126,0
1614285000,255,0
1614285900,127,0
1614286800,1335,1248
1614287700,1202,6320
1614288600,1338,6320
1614289500,480,1072
1614290400,253,0
1614291300,283,0
1614292200,504,0
1614293100,278,0
1614294000,334,0
1614294900,400,0
1614295800,989,0
1614296700,2712,0
1614297600,2690,0
1614298500,2590,0
1614299400,2742,0
1614300300,2577,0
1614301200,2681,0
1614302100,3352,0
1614303000,2540,0
1614303900,2834,0
1614304800,2528,0
1614305700,2810,0
1614306600,2572,0
1614307500,2554,0
1614308400,455,0
1614309300,331,0
1614310200,395,0
1614311100,318,0
1614312000,412,0
1614312900,317,0
1614313800,401,0
1614314700,528,0
1614315600,367,0
1614316500,369,6320
1614317400,347,6320
1614318300,393,6320
1614319200,305,5648
1614320100,432,4624
1614321000,277,4496
1614321900,450,4480
1614322800,266,4464
1614323700,451,4448
1614324600,305,4448
1614325500,410,4432
1614326400,229,4416
1614327300,311,4416
1614328200,387,4400
1614329100,266,4384
1614330000,334,512
1614330900,317,0
1614331800,377,0
1614332700,283,0
1614333600,410,0
1614334500,215,0
1614335400,428,0
1614336300,258,0
1614337200,375,0
1614338100,332,0
1614339000,256,0
1614339900,453,0
1614340800,182,0
1614341700,464,0
1614342600,239,0
1614343500,339,0
1614344400,375,0
1614345300,256,0
1614346200,456,0
1614347100,194,0
1614348000,415,0
1614348900,246,0
1614349800,411,0
1614350700,255,0
1614351600,412,0
1614352500,311,0
1614353400,388,0
1614354300,338,0
1614355200,329,0
1614356100,393,0
1614357000,254,0
1614357900,452,944
1614358800,172,960
1614359700,522,944
1614360600,170,960
1614361500,498,944
1614362400,202,960
1614363300,444,944
1614364200,265,960
1614365100,373,0
1614366000,338,0
1614366900,283,0
1614367800,411,1008
1614368700,265,1024
1614369600,370,0
1614370500,330,0
1614371400,324,0
1614372300,373,1072
1614373200,1350,6320
1614374100,1450,6320
1614375000,1418,6320
1614375900,1373,5184
1614376800,1508,4448
1614377700,1320,0
1614378600,1579,0
1614379500,1276,0
1614380400,1600,0
1614381300,1635,0
1614382200,1504,0
1614383100,1264,0
1614384000,1484,0
1614384900,1293,0
1614385800,1447,0
1614386700,1311,0
1614387600,1405,0
1614388500,1354,0
1614389400,1346,0
1614390300,1415,0
1614391200,1301,0
1614392100,1444,0
1614393000,1293,0
1614393900,2144,0
1614394800,1378,0
1614395700,1412,0
1614396600,1344,0
1614397500,953,0
1614398400,368,0
1614399300,268,0
1614400200,424,0
1614401100,239,0
1614402000,463,0
1614402900,204,6320
1614403800,484,6320
1614404700,227,6320
1614405600,422,5504
1614406500,293,4528
1614407400,346,4400
1614408300,382,4384
1614409200,230,4368
1614410100,508,4368
1614411000,238,4352
1614411900,459,4352
1614412800,293,4336
1614413700,394,4336
1614414600,369,4320
1614415500,308,4320
1614416400,405,320
1614417300,335,0
1614418200,323,0
1614419100,418,0
1614420000,274,0
1614420900,504,0
1614421800,224,0
1614422700,562,640
1614423600,221,672
1614424500,509,0
1614425400,258,0
1614426300,329,0
1614427200,308,0
1614428100,211,0
1614429000,408,0
1614429900,222,0
1614430800,322,0
1614431700,317,0
1614432600,222,0
1614433500,515,880
1614434400,207,896
1614435300,436,880
1614436200,313,896
1614437100,327,0
1614438000,383,0
1614438900,377,0
1614439800,270,0
1614440700,514,976
1614441600,205,992
1614442500,508,976
1614443400,243,992
1614444300,412,992
1614445200,337,1008
1614446100,346,0
1614447000,405,1040
1614447900,344,1056
1614448800,420,1072
1614449700,351,1072
1614450600,416,1088
1614451500,358,1104
1614452400,279,0
1614453300,496,1136
1614454200,242,1152
1614455100,512,1168
1614456000,216,1184
1614456900,404,1184
1614457800,354,1200
1614458700,329,0
1614459600,1510,1248
1614460500,1418,6320
1614461400,1514,6320
1614462300,646,6320
1614463200,421,960
1614464100,322,0
1614465000,387,0
1614465900,352,0
1614466800,378,0
1614467700,601,0
1614468600,1377,0
1614469500,1449,0
1614470400,1336,0
1614471300,1475,0
1614472200,1320,0
1614473100,1481,0
1614474000,1339,0
1614474900,2172,0
1614475800,1235,0
1614476700,1556,0
1614477600,1225,0
1614478500,1578,0
1614479400,1245,0
1614480300,1374,0
1614481200,235,0
1614482100,441,0
1614483000,282,0
1614483900,405,0
1614484800,314,0
1614485700,368,0
1614486600,347,0
1614487500,323,0
1614488400,395,0
1614489300,304,6320
1614490200,384,6320
1614491100,345,6320
1614492000,322,5760
1614492900,411,4720
1614493800,253,4592
1614494700,469,4576
1614495600,190,4560
1614496500,489,4560
1614497400,236,4544
1614498300,434,4528
1614499200,284,4528
1614500100,384,4512
1614501000,358,4512
1614501900,324,4496
1614502800,413,816
1614503700,310,0
1614504600,381,0
1614505500,330,0
1614506400,333,0
1614507300,363,0
1614508200,311,0
1614509100,399,0
1614510000,271,0
1614510900,439,0
1614511800,247,0
1614512700,343,0
1614513600,370,0
1614514500,223,0
1614515400,504,1440
1614516300,206,1440
1614517200,506,1424
1614518100,232,1424
1614519000,449,1408
1614519900,302,1408
1614520800,383,0
1614521700,365,0
1614522600,307,0
1614523500,403,0
1614524400,325,0
1614525300,330,0
1614526200,387,0
1614527100,255,0
1614528000,456,1520
1614528900,184,1520
1614529800,511,1520
1614530700,198,1520
1614531600,538,1520
1614532500,330,1520
1614533400,420,1520
1614534300,400,6320
1614535200,353,1456
1614536100,421,1472
1614537000,335,1472
1614537900,419,1488
1614538800,328,1488
1614539700,422,1504
1614540600,327,1504
1614541500,426,1520
1614542400,336,1520
1614543300,421,1536
1614544200,384,6320
1614545100,374,1472
1614546000,1545,1488
1614546900,1338,6320
1614547800,1602,6320
1614548700,1283,6016
1614549600,1628,4768
1614550500,1125,0
1614551400,538,0
1614552300,197,0
1614553200,539,0
1614554100,195,0
1614555000,539,0
1614555900,706,0
1614556800,1580,0
1614557700,1278,0
1614558600,1436,0
1614559500,1399,0
1614560400,1329,0
1614561300,1488,0
1614562200,1988,0
1614563100,1497,0
1614564000,1316,0
1614564900,1484,0
1614565800,1308,0
1614566700,1463,0
1614567600,1311,0
1614568500,742,0
1614569400,278,0
1614570300,452,0
1614571200,259,0
1614572100,422,0
1614573000,542,0
1614573900,864,0
1614574800,285,0
1614575700,395,6320
1614576600,332,6320
1614577500,381,6320
1614578400,370,5856
1614579300,393,4816
1614580200,342,4672
1614581100,439,4656
1614582000,288,4656
1614582900,463,4640
1614583800,264,4624
1614584700,475,4624
1614585600,272,4608
1614586500,430,4592
1614587400,328,4592
1614588300,396,4576
1614589200,363,1040
1614590100,458,0
1614591000,309,0
1614591900,459,0
1614592800,317,0
1614593700,524,0
1614594600,254,0
1614595500,470,0
1614596400,300,0
1614597300,435,0
1614598200,223,0
1614599100,435,0
1614600000,218,0
1614600900,432,0
1614601800,221,0
1614602700,431,0
1614603600,294,0
1614604500,340,0
1614605400,277,0
1614606300,351,0
1614607200,245,0
1614608100,482,1744
1614609000,226,1728
1614609900,419,1712
1614610800,398,1696
1614611700,347,0
1614612600,368,0
1614613500,373,0
1614614400,293,0
1614615300,431,1728
1614616200,255,1728
1614617100,456,1712
1614618000,237,1712
1614618900,474,1696
1614619800,216,1696
1614620700,499,1696
1614621600,197,1680
1614622500,524,1680
1614623400,182,1680
1614624300,530,1680
1614625200,189,1680
1614626100,505,1680
1614627000,210,1680
1614627900,458,1696
1614628800,257,1696
1614629700,405,1696
1614630600,309,1696
1614631500,374,1696
1614632400,1406,6320
1614633300,1427,6320
1614634200,1440,6272
1614635100,1425,5008
1614636000,1489,4608
1614636900,380,0
1614637800,419,0
1614638700,1112,0
1614639600,1494,0
1614640500,1341,0
1614641400,1500,0
1614642300,1326,0
1614643200,1500,0
1614644100,1334,0
1614645000,1487,0
1614645900,1340,0
1614646800,1473,0
1614647700,1678,0
1614648600,1900,0
1614649500,1372,0
1614650400,1412,0
1614651300,1388,0
1614652200,1397,0
1614653100,1415,0
1614654000,1387,0
1614654900,1421,0
1614655800,1366,0
1614656700,1446,0
1614657600,1112,0
1614658500,416,0
1614659400,293,0
1614660300,1023,0
1614661200,297,0
1614662100,420,6320
1614663000,299,6320
1614663900,431,6320
1614664800,299,5840
1614665700,416,4800
1614666600,313,4656
1614667500,388,4640
1614668400,336,4640
1614669300,365,4624
1614670200,353,4608
1614671100,372,4608
1614672000,340,4592
1614672900,393,4592
1614673800,343,4576
1614674700,397,4560
1614675600,341,992
1614676500,394,0
1614677400,337,0
1614678300,389,0
1614679200,343,0
1614680100,433,0
1614681000,350,0
1614681900,443,0
1614682800,328,0
1614683700,412,0
1614684600,360,0
1614685500,400,0
1614686400,371,0
1614687300,536,1568
1614688200,231,1552
1614689100,536,1536
1614690000,318,1520
1614690900,456,0
1614691800,424,0
1614692700,494,0
1614693600,288,0
1614694500,540,1520
1614695400,418,1520
1614696300,434,0
1614697200,340,0
1614698100,439,0
1614699000,326,0
1614699900,452,0
1614700800,363,0
1614701700,412,0
1614702600,436,0
1614703500,331,0
1614704400,487,1600
1614705300,269,1600
1614706200,473,1600
1614707100,363,1600
1614708000,385,0
1614708900,458,1616
1614709800,293,1616
1614710700,506,1600
1614711600,246,1600
1614712500,551,1616
1614713400,208,1616
1614714300,555,1616
1614715200,201,1616
1614716100,558,1616
1614717000,201,1616
1614717900,555,1632
1614718800,1292,6320
1614719700,1612,6320
1614720600,1308,6272
1614721500,1607,5008
1614722400,1374,4576
1614723300,1580,0
1614724200,1426,0
1614725100,1345,0
1614726000,1321,0
1614726900,1363,0
1614727800,1553,0
1614728700,1247,0
1614729600,1568,0
1614730500,1244,0
1614731400,1541,0
1614732300,1354,0
1614733200,1434,0
1614734100,1445,0
1614735000,1335,0
1614735900,1465,0
1614736800,1403,0
1614737700,2210,0
1614738600,1451,0
1614739500,1341,0
1614740400,1465,0
1614741300,1330,0
1614742200,1162,0
1614743100,388,0
1614744000,346,0
1614744900,479,0
1614745800,254,0
1614746700,539,0
1614747600,229,0
1614748500,521,6320
1614749400,256,6320
1614750300,497,6320
1614751200,298,5824
1614752100,440,4784
1614753000,378,4656
1614753900,372,4624
1614754800,434,4624
1614755700,330,4608
1614756600,477,4592
1614757500,304,4592
1614758400,478,4576
1614759300,314,4560
1614760200,460,4560
1614761100,333,4544
1614762000,463,944
1614762900,320,0
1614763800,455,0
1614764700,330,0
1614765600,431,0
1614766500,336,0
1614767400,433,0
1614768300,331,0
1614769200,426,0
1614770100,330,0
1614771000,341,0
1614771900,412,0
1614772800,360,0
1614773700,391,0
1614774600,377,0
1614775500,376,0
1614776400,387,0
1614777300,366,0
1614778200,302,0
1614779100,447,0
1614780000,267,0
1614780900,485,1616
1614781800,243,1616
1614782700,516,1584
1614783600,230,1584
1614784500,530,1568
1614785400,238,1568
1614786300,518,1552
1614787200,257,1552
1614788100,495,1536
1614789000,323,1536
1614789900,424,0
1614790800,390,0
1614791700,359,0
1614792600,482,1584
1614793500,270,1584
1614794400,466,1584
1614795300,300,1584
1614796200,479,1584
1614797100,323,1584
1614798000,515,1584
1614798900,292,1584
1614799800,480,1584
1614800700,343,1584
1614801600,432,1584
1614802500,413,1584
1614803400,360,0
1614804300,445,1616
1614805200,1406,6320
1614806100,1623,6320
1614807000,1337,6320
1614807900,1190,5152
1614808800,306,976
1614809700,469,0
1614810600,655,0
1614811500,1395,0
1614812400,1578,0
1614813300,1235,0
1614814200,1575,0
1614815100,1350,0
1614816000,1465,0
1614816900,1482,0
1614817800,1329,0
1614818700,1513,0
1614819600,1729,0
1614820500,1829,0
1614821400,1466,0
1614822300,1369,0
1614823200,1422,0
1614824100,1464,0
1614825000,1335,0
1614825900,1550,0
1614826800,1278,0
1614827700,1518,0
1614828600,1399,0
1614829500,730,0
1614830400,530,0
1614831300,224,0
1614832200,904,0
1614833100,693,0
1614834000,448,0
1614834900,450,6320
1614835800,332,6320
1614836700,493,6320
1614837600,397,5760
1614838500,379,4736
1614839400,492,4592
1614840300,523,4576
1614841200,266,4560
1614842100,560,4560
1614843000,260,4544
1614843900,530,4528
1614844800,320,4528
1614845700,468,4512
1614846600,373,4496
1614847500,413,4480
1614848400,401,800
1614849300,388,0
1614850200,423,0
1614851100,367,0
1614852000,416,0
1614852900,379,0
1614853800,421,0
1614854700,366,0
1614855600,400,0
1614856500,368,0
1614857400,411,0
1614858300,341,0
1614859200,310,0
1614860100,329,0
1614861000,429,0
1614861900,303,0
1614862800,332,0
1614863700,327,0
1614864600,428,0
1614865500,275,0
1614866400,490,1344
1614867300,246,1344
1614868200,540,1312
1614869100,218,1312
1614870000,415,0
1614870900,534,1296
1614871800,216,1296
1614872700,539,1280
1614873600,321,1280
1614874500,443,0
1614875400,445,0
1614876300,384,0
1614877200,413,0
1614878100,481,1328
1614879000,462,6320
1614879900,310,1264
1614880800,538,1248
1614881700,426,1264
1614882600,367,0
1614883500,419,0
1614884400,556,1296
1614885300,252,1296
1614886200,538,1296
1614887100,474,6320
1614888000,320,1216
1614888900,509,1232
1614889800,433,1232
1614890700,356,0
1614891600,1529,1248
1614892500,1572,6320
1614893400,1106,6320
1614894300,539,1072
1614895200,424,0
1614896100,394,0
1614897000,380,0
1614897900,1200,0
1614898800,1378,0
1614899700,1598,0
1614900600,1308,0
1614901500,1586,0
1614902400,1310,0
1614903300,1553,0
1614904200,1352,0
1614905100,1497,0
1614906000,1744,0
1614906900,1831,0
1614907800,1575,0
1614908700,1248,0
1614909600,1564,0
1614910500,1293,0
1614911400,1531,0
1614912300,1471,0
1614913200,1372,0
1614914100,550,0
1614915000,265,0
1614915900,543,0
1614916800,323,0
1614917700,437,0
1614918600,434,0
1614919500,332,0
1614920400,480,0
1614921300,359,6320
1614922200,376,6320
1614923100,503,6320
1614924000,234,5664
1614924900,534,4640
1614925800,241,4512
1614926700,530,4496
1614927600,356,4480
1614928500,418,4464
1614929400,426,4464
1614930300,352,4448
1614931200,462,4448
1614932100,527,4432
1614933000,432,4416
1614933900,375,4416
1614934800,452,592
1614935700,537,0
1614936600,248,0
1614937500,566,0
1614938400,427,0
1614939300,389,0
1614940200,469,0
1614941100,352,0
1614942000,501,0
1614942900,314,0
1614943800,398,0
1614944700,388,0
1614945600,361,0
1614946500,412,0
1614947400,386,0
1614948300,370,0
1614949200,440,0
1614950100,373,0
1614951000,378,0
1614951900,447,0
1614952800,301,0
1614953700,508,1472
1614954600,240,1472
1614955500,498,1472
1614956400,309,1472
1614957300,365,0
1614958200,452,0
1614959100,311,0
1614960000,445,0
1614960900,342,0
1614961800,451,1616
1614962700,314,1616
1614963600,399,0
1614964500,333,0
1614965400,457,1696
1614966300,306,1696
1614967200,487,1712
1614968100,431,6320
1614969000,376,1648
1614969900,387,0
1614970800,283,0
1614971700,529,1728
1614972600,272,1728
1614973500,540,1744
1614974400,317,1744
1614975300,422,1760
1614976200,445,6320
1614977100,460,6320
1614978000,1618,6272
1614978900,1413,5040
1614979800,1525,4624
1614980700,1537,4576
1614981600,2047,4560
1614982500,2580,0
1614983400,2464,0
1614984300,2684,0
1614985200,2537,0
1614986100,2389,0
1614987000,1466,0
1614987900,1566,0
1614988800,1515,0
1614989700,1351,0
1614990600,1568,0
1614991500,1303,0
1614992400,1420,0
1614993300,1388,0
1614994200,1475,0
1614995100,1490,0
1614996000,1529,0
1614996900,1538,0
1614997800,1397,0
1614998700,1745,0
1614999600,1608,0
1615000500,576,0
1615001400,336,0
1615002300,475,0
1615003200,507,0
1615004100,476,0
1615005000,379,0
1615005900,431,0
1615006800,584,0
1615007700,283,6320
1615008600,548,6320
1615009500,336,6320
1615010400,495,5840
1615011300,528,4800
1615012200,301,4672
1615013100,576,4656
1615014000,458,4640
1615014900,373,4624
1615015800,509,4624
1615016700,501,4608
1615017600,376,4608
1615018500,445,4592
1615019400,568,4576
1615020300,415,4560
1615021200,514,1024
1615022100,471,0
1615023000,570,0
1615023900,426,0
1615024800,439,0
1615025700,421,0
1615026600,545,0
1615027500,343,0
1615028400,471,0
1615029300,558,0
1615030200,268,0
1615031100,573,0
1615032000,417,0
1615032900,400,0
1615033800,374,0
1615034700,427,0
1615035600,439,0
1615036500,371,0
1615037400,450,0
1615038300,357,0
1615039200,390,0
1615040100,440,0
1615041000,430,0
1615041900,413,0
1615042800,343,0
1615043700,513,1936
1615044600,280,1920
1615045500,569,1920
1615046400,368,1904
1615047300,292,0
1615048200,420,0
1615049100,500,1952
1615050000,245,1952
1615050900,547,1952
1615051800,239,1952
1615052700,559,1952
1615053600,455,1952
1615054500,356,0
1615055400,509,1984
1615056300,492,6320
1615057200,380,1920
1615058100,448,0
1615059000,570,1968
1615059900,439,1952
1615060800,378,0
1615061700,498,2000
1615062600,419,2000
1615063500,456,0
1615064400,1514,2048
1615065300,1636,6320
1615066200,1315,6320
1615067100,1500,6320
1615068000,1524,5232
1615068900,1407,0
1615069800,1517,0
1615070700,1484,0
1615071600,1500,0
1615072500,1384,0
1615073400,1579,0
1615074300,1509,0
1615075200,1352,0
1615076100,1562,0
1615077000,1454,0
1615077900,1430,0
1615078800,1997,0
1615079700,1647,0
1615080600,1337,0
1615081500,1502,0
1615082400,1377,0
1615083300,1466,0
1615084200,1459,0
1615085100,1422,0
1615086000,1402,0
1615086900,1474,0
1615087800,972,0
1615088700,545,0
1615089600,448,0
1615090500,405,0
1615091400,584,0
1615092300,1122,0
1615093200,512,0
1615094100,332,6320
1615095000,567,6320
1615095900,444,6320
1615096800,435,5984
1615097700,465,4960
1615098600,556,4800
1615099500,333,4784
1615100400,501,4784
1615101300,566,4768
1615102200,264,4768
1615103100,590,4752
1615104000,457,4752
1615104900,548,4736
1615105800,508,4720
1615106700,504,4704
1615107600,557,1392
1615108500,455,0
1615109400,576,0
1615110300,424,0
1615111200,561,0
1615112100,425,0
1615113000,499,0
1615113900,469,0
1615114800,423,0
1615115700,518,0
1615116600,425,0
1615117500,425,0
1615118400,429,0
1615119300,428,0
1615120200,434,0
1615121100,527,0
1615122000,433,0
1615122900,436,0
1615123800,528,0
1615124700,446,0
1615125600,472,0
1615126500,518,0
1615127400,482,0
1615128300,522,0
1615129200,508,0
1615130100,493,0
1615131000,546,0
1615131900,455,0
1615132800,569,2272
1615133700,422,2256
1615134600,573,2240
1615135500,458,2224
1615136400,528,0
1615137300,505,0
1615138200,344,0
1615139100,520,0
1615140000,434,0
1615140900,575,2336
1615141800,457,2320
1615142700,368,0
1615143600,515,2336
1615144500,480,2320
1615145400,578,2320
1615146300,435,2304
1615147200,577,2304
1615148100,269,2288
1615149000,557,2288
1615149900,490,2272
1615150800,1556,2272
1615151700,1416,6320
1615152600,2157,6320
1615153500,2660,6192
1615154400,2495,5024
1615155300,2466,0
1615156200,1493,0
1615157100,1392,0
1615158000,1498,0
1615158900,1476,0
1615159800,1583,0
1615160700,1433,0
1615161600,1571,0
1615162500,1467,0
1615163400,1516,0
1615164300,1336,0
1615165200,1462,0
1615166100,1550,0
1615167000,2223,0
1615167900,1568,0
1615168800,1462,0
1615169700,1528,0
1615170600,1513,0
1615171500,1314,0
1615172400,1547,0
1615173300,444,0
1615174200,568,0
1615175100,443,0
1615176000,524,0
1615176900,496,0
1615177800,482,0
1615178700,485,0
1615179600,454,0
1615180500,598,6320
1615181400,372,6320
1615182300,477,6320
1615183200,516,5984
1615184100,504,4960
1615185000,561,4800
1615185900,452,4784
1615186800,603,4768
1615187700,472,4768
1615188600,560,4752
1615189500,532,4736
1615190400,516,4720
1615191300,590,4704
1615192200,459,4704
1615193100,614,4688
1615194000,487,1328
1615194900,560,0
1615195800,542,0
1615196700,503,0
1615197600,599,0
1615198500,455,0
1615199400,602,0
1615200300,494,0
1615201200,531,0
1615202100,537,0
1615203000,479,0
1615203900,576,0
1615204800,425,0
1615205700,572,0
1615206600,430,0
1615207500,553,0
1615208400,510,0
1615209300,501,0
1615210200,568,0
1615211100,438,0
1615212000,589,0
1615212900,469,0
1615213800,546,0
1615214700,529,0
1615215600,491,0
1615216500,589,2176
1615217400,450,2160
1615218300,591,2160
1615219200,491,2144
1615220100,532,0
1615221000,543,0
1615221900,478,0
1615222800,597,2208
1615223700,454,2192
1615224600,573,2192
1615225500,428,2176
1615226400,564,2176
1615227300,462,2160
1615228200,520,0
1615229100,515,0
1615230000,501,0
1615230900,565,2256
1615231800,452,2256
1615232700,580,2256
1615233600,501,2240
1615234500,520,0
1615235400,571,2272
1615236300,464,2272
1615237200,1676,2272
1615238100,1523,6320
1615239000,2638,6320
1615239900,2029,6240
1615240800,1537,5088
1615241700,1580,0
1615242600,1495,0
1615243500,1635,0
1615244400,1481,0
1615245300,1589,0
1615246200,1531,0
1615247100,1553,0
1615248000,1554,0
1615248900,1482,0
1615249800,1601,0
1615250700,1456,0
1615251600,1584,0
1615252500,2179,0
1615253400,1606,0
1615254300,1509,0
1615255200,1494,0
1615256100,1559,0
1615257000,1460,0
1615257900,1612,0
1615258800,782,0
1615259700,563,0
1615260600,488,0
1615261500,513,0
1615262400,534,0
1615263300,470,0
1615264200,578,0
1615265100,860,0
1615266000,592,0
1615266900,483,6320
1615267800,544,6320
1615268700,532,6320
1615269600,491,6032
1615270500,575,4992
1615271400,453,4832
1615272300,596,4800
1615273200,464,4800
1615274100,556,4800
1615275000,516,4784
1615275900,513,4784
1615276800,573,4784
1615277700,466,4768
1615278600,616,4752
1615279500,469,4752
1615280400,575,1488
1615281300,516,0
1615282200,520,0
1615283100,575,0
1615284000,437,0
1615284900,464,0
1615285800,472,0
1615286700,570,0
1615287600,513,0
1615288500,496,0
1615289400,514,0
1615290300,456,0
1615291200,425,0
1615292100,537,0
1615293000,423,0
1615293900,538,0
1615294800,429,0
1615295700,502,0
1615296600,466,0
1615297500,488,0
1615298400,318,0
1615299300,515,0
1615300200,473,0
1615301100,555,0
1615302000,440,0
1615302900,424,0
1615303800,422,0
1615304700,421,0
1615305600,419,0
1615306500,421,0
1615307400,417,0
1615308300,415,0
1615309200,416,0
1615310100,414,0
1615311000,291,0
1615311900,361,0
1615312800,419,0
1615313700,422,0
1615314600,425,0
1615315500,425,0
1615316400,296,0
1615317300,372,0
1615318200,425,0
1615319100,331,0
1615320000,339,0
1615320900,427,0
1615321800,427,0
1615322700,436,0
1615323600,1327,2928
1615324500,1489,6320
1615325400,1677,6320
1615326300,2544,6320
1615327200,2543,5568
1615328100,2532,0
1615329000,2531,0
1615329900,2537,0
1615330800,2530,0
1615331700,2527,0
1615332600,2521,0
1615333500,1843,0
1615334400,1441,0
1615335300,1435,0
1615336200,1434,0
1615337100,1436,0
1615338000,1440,0
1615338900,1439,0
1615339800,1432,0
1615340700,1430,0
1615341600,1439,0
1615342500,1403,0
1615343400,1296,0
1615344300,1443,0
1615345200,1442,0
1615346100,1443,0
1615347000,1539,0
1615347900,409,0
1615348800,404,0
1615349700,405,0
1615350600,406,0
1615351500,407,0
1615352400,413,0
1615353300,344,6320
1615354200,312,6320
1615355100,423,6320
1615356000,419,6112
1615356900,241,5072
1615357800,414,4864
1615358700,413,4848
1615359600,414,4832
1615360500,412,4832
1615361400,413,4832
1615362300,270,4816
1615363200,393,4816
1615364100,419,4816
1615365000,244,4800
1615365900,418,4800
1615366800,424,1728
1615367700,424,0
1615368600,424,0
1615369500,424,0
1615370400,423,0
1615371300,351,0
1615372200,323,0
1615373100,431,0
1615374000,252,0
1615374900,419,0
1615375800,431,0
1615376700,246,0
1615377600,432,0
1615378500,416,0
1615379400,257,0
1615380300,429,0
1615381200,368,0
1615382100,319,0
1615383000,436,0
1615383900,247,0
1615384800,436,0
1615385700,376,0
1615386600,302,0
1615387500,430,0
1615388400,405,0
1615389300,263,0
1615390200,422,0
1615391100,419,0
1615392000,420,0
1615392900,238,0
1615393800,415,0
1615394700,416,0
1615395600,414,0
1615396500,415,0
1615397400,414,0
1615398300,240,0
1615399200,418,0
1615400100,418,0
1615401000,416,0
1615401900,418,0
1615402800,419,0
1615403700,417,0
1615404600,418,0
1615405500,420,0
1615406400,241,0
1615407300,425,3296
1615408200,424,6320
1615409100,300,3200
1615410000,2028,3200
1615410900,2733,6320
1615411800,2755,6320
1615412700,2389,5648
1615413600,2703,4944
1615414500,2741,0
1615415400,2723,0
1615416300,2563,0
1615417200,2685,0
1615418100,2734,0
1615419000,2728,0
1615419900,2564,0
1615420800,2721,0
1615421700,2716,0
1615422600,2692,0
1615423500,2543,0
1615424400,3031,0
1615425300,3067,0
1615426200,2679,0
1615427100,2572,0
1615428000,2722,0
1615428900,2595,0
1615429800,2691,0
1615430700,2730,0
1615431600,2569,0
1615432500,2641,0
1615433400,1269,0
1615434300,1444,0
1615435200,431,0
1615436100,348,0
1615437000,405,0
1615437900,901,0
1615438800,417,0
1615439700,420,6320
1615440600,420,6320
1615441500,240,6320
1615442400,417,6128
1615443300,417,5072
1615444200,415,4864
1615445100,417,4848
1615446000,418,4832
1615446900,416,4832
1615447800,416,4832
1615448700,248,4816
1615449600,420,4816
1615450500,418,4816
1615451400,419,4800
1615452300,418,4800
1615453200,421,1728
1615454100,416,0
1615455000,243,0
1615455900,421,0
1615456800,415,0
1615457700,284,0
1615458600,374,0
1615459500,420,0
1615460400,418,0
1615461300,238,0
1615462200,419,0
1615463100,416,0
1615464000,241,0
1615464900,414,0
1615465800,413,0
1615466700,243,0
1615467600,416,0
1615468500,366,0
1615469400,296,0
1615470300,420,0
1615471200,420,0
1615472100,249,0
1615473000,423,0
1615473900,425,0
1615474800,424,0
1615475700,252,0
1615476600,425,0
1615477500,427,0
1615478400,253,0
1615479300,421,0
1615480200,417,0
1615481100,258,0
1615482000,399,0
1615482900,411,0
1615483800,410,0
1615484700,303,0
1615485600,346,0
1615486500,417,0
1615487400,256,0
1615488300,399,0
1615489200,418,0
1615490100,250,0
1615491000,428,0
1615491900,391,0
1615492800,270,0
1615493700,428,2768
1615494600,234,2736
1615495500,430,2720
1615496400,1323,6320
1615497300,1442,6320
1615498200,1478,6256
1615499100,1294,5152
1615500000,1419,4832
1615500900,1271,0
1615501800,2735,0
1615502700,2539,0
1615503600,2708,0
1615504500,2592,0
1615505400,2648,0
1615506300,2705,0
1615507200,2525,0
1615508100,2701,0
1615509000,2686,0
1615509900,2514,0
1615510800,2666,0
1615511700,3260,0
1615512600,2634,0
1615513500,2661,0
1615514400,2531,0
1615515300,2599,0
1615516200,2668,0
1615517100,2491,0
1615518000,2666,0
1615518900,2541,0
1615519800,2575,0
1615520700,1659,0
1615521600,1381,0
1615522500,268,0
1615523400,355,0
1615524300,883,0
1615525200,230,0
1615526100,418,6320
1615527000,283,6320
1615527900,371,6320
1615528800,418,5952
1615529700,243,4912
1615530600,418,4768
1615531500,419,4736
1615532400,420,4720
1615533300,238,4704
1615534200,421,4704
1615535100,417,4688
1615536000,420,4672
1615536900,245,4656
1615537800,418,4640
1615538700,420,4624
1615539600,414,1184
1615540500,245,0
1615541400,419,0
1615542300,418,0
1615543200,247,0
1615544100,408,0
1615545000,366,0
1615545900,295,0
1615546800,420,0
1615547700,262,0
1615548600,388,0
1615549500,417,0
1615550400,236,0
1615551300,416,0
1615552200,419,0
1615553100,236,0
1615554000,418,0
1615554900,418,0
1615555800,253,0
1615556700,400,0
1615557600,420,0
1615558500,242,0
1615559400,422,0
1615560300,422,0
1615561200,241,0
1615562100,423,0
1615563000,234,0
1615563900,424,0
1615564800,376,0
1615565700,273,0
1615566600,419,0
1615567500,336,0
1615568400,309,0
1615569300,411,0
1615570200,411,0
1615571100,228,0
1615572000,415,0
1615572900,385,0
1615573800,268,0
1615574700,423,0
1615575600,279,0
1615576500,374,0
1615577400,419,0
1615578300,231,0
1615579200,425,2336
1615580100,276,2320
1615581000,388,0
1615581900,359,0
1615582800,1352,2352
1615583700,1390,6320
1615584600,1411,6320
1615585500,1323,6320
1615586400,1503,5360
1615587300,1338,0
1615588200,1594,0
1615589100,2399,0
1615590000,1760,0
1615590900,2524,0
1615591800,2655,0
1615592700,2713,0
1615593600,2535,0
1615594500,2716,0
1615595400,2717,0
1615596300,2535,0
1615597200,2707,0
1615598100,2702,0
1615599000,2533,0
1615599900,2718,0
1615600800,2704,0
1615601700,2763,0
1615602600,3256,0
1615603500,2714,0
1615604400,2554,0
1615605300,2707,0
1615606200,2115,0
1615607100,1329,0
1615608000,1414,0
1615608900,233,0
1615609800,414,0
1615610700,351,0
1615611600,303,0
1615612500,424,6320
1615613400,243,6320
1615614300,427,6320
1615615200,270,5840
1615616100,389,4800
1615617000,421,4656
1615617900,234,4640
1615618800,415,4624
1615619700,417,4608
1615620600,231,4592
1615621500,417,4576
1615622400,415,4576
1615623300,414,4560
1615624200,229,4544
1615625100,414,4528
1615626000,412,928
1615626900,411,0
1615627800,294,0
1615628700,347,0
1615629600,408,0
1615630500,308,0
1615631400,328,0
1615632300,415,0
1615633200,268,0
1615634100,371,0
1615635000,345,0
1615635900,301,0
1615636800,412,0
1615637700,234,0
1615638600,413,0
1615639500,415,0
1615640400,295,0
1615641300,347,0
1615642200,417,0
1615643100,324,0
1615644000,329,0
1615644900,298,0
1615645800,355,0
1615646700,252,0
1615647600,400,0
1615648500,234,0
1615649400,421,0
1615650300,236,0
1615651200,416,0
1615652100,237,0
1615653000,413,0
1615653900,341,0
1615654800,311,0
1615655700,415,0
1615656600,240,0
1615657500,421,0
1615658400,314,0
1615659300,346,0
1615660200,422,0
1615661100,242,0
1615662000,420,1872
1615662900,418,6320
1615663800,242,1808
1615664700,424,1808
1615665600,405,1808
1615666500,262,0
1615667400,421,1840
1615668300,421,6320
1615669200,1370,6320
1615670100,1420,6304
1615671000,1501,5136
1615671900,552,4640
1615672800,335,1088
1615673700,296,0
1615674600,353,0
1615675500,403,0
1615676400,243,0
1615677300,2045,0
1615678200,2649,0
1615679100,2639,0
1615680000,2723,0
1615680900,2644,0
1615681800,2628,0
1615682700,2647,0
1615683600,3317,0
1615684500,2838,0
1615685400,2684,0
1615686300,2542,0
1615687200,2705,0
1615688100,2548,0
1615689000,2678,0
1615689900,2566,0
1615690800,2690,0
1615691700,2701,0
1615692600,1746,0
1615693500,1192,0
1615694400,412,0
1615695300,239,0
1615696200,413,0
1615697100,411,0
1615698000,398,0
1615698900,269,6320
1615699800,426,6320
1615700700,329,6320
1615701600,334,5760
1615702500,420,4720
1615703400,419,4592
1615704300,416,4576
1615705200,331,4560
1615706100,322,4544
1615707000,415,4544
1615707900,421,4528
1615708800,301,4528
1615709700,362,4512
1615710600,424,4496
1615711500,311,4496
1615712400,349,816
1615713300,425,0
1615714200,268,0
1615715100,392,0
1615716000,412,0
1615716900,246,0
1615717800,427,0
1615718700,242,0
1615719600,423,0
1615720500,350,0
1615721400,313,0
1615722300,378,0
1615723200,295,0
1615724100,430,0
1615725000,417,0
1615725900,244,0
1615726800,422,0
1615727700,423,0
1615728600,422,0
1615729500,395,0
1615730400,272,0
1615731300,423,0
1615732200,424,0
1615733100,284,0
1615734000,369,0
1615734900,372,0
1615735800,273,0
1615736700,420,0
1615737600,221,0
1615738500,418,0
1615739400,287,0
1615740300,343,0
1615741200,356,0
1615742100,275,0
1615743000,417,0
1615743900,208,0
1615744800,421,0
1615745700,209,0
1615746600,421,2032
1615747500,227,2032
1615748400,403,0
1615749300,208,0
1615750200,420,2096
1615751100,257,2080
1615752000,373,0
1615752900,328,0
1615753800,305,0
1615754700,393,2176
1615755600,1316,6320
1615756500,1492,6320
1615757400,1293,6320
1615758300,1505,5376
1615759200,385,1440
1615760100,373,0
1615761000,330,0
1615761900,296,0
1615762800,1289,0
1615763700,2153,0
1615764600,2705,0
1615765500,2563,0
1615766400,2725,0
1615767300,2530,0
1615768200,2720,0
1615769100,2556,0
1615770000,3462,0
1615770900,2542,0
1615771800,2721,0
1615772700,2521,0
1615773600,2713,0
1615774500,2521,0
1615775400,2730,0
1615776300,2528,0
1615777200,2728,0
1615778100,2516,0
1615779000,2553,0
1615779900,468,0
1615780800,379,0
1615781700,241,0
1615782600,622,0
1615783500,661,0
1615784400,421,0
1615785300,221,6320
1615786200,418,6320
1615787100,219,6320
1615788000,391,5888
1615788900,247,4864
1615789800,365,4704
1615790700,274,4688
1615791600,416,4672
1615792500,224,4672
1615793400,418,4656
1615794300,219,4640
1615795200,377,4624
1615796100,271,4624
1615797000,421,4608
1615797900,319,4592
1615798800,337,1088
1615799700,424,0
1615800600,255,0
1615801500,409,0
1615802400,427,0
1615803300,430,0
1615804200,248,0
1615805100,433,0
1615806000,425,0
1615806900,424,0
1615807800,242,0
1615808700,418,0
1615809600,413,0
1615810500,288,0
1615811400,363,0
1615812300,331,0
1615813200,298,0
1615814100,418,0
1615815000,225,0
1615815900,419,0
1615816800,267,0
1615817700,396,0
1615818600,423,0
1615819500,424,0
1615820400,268,0
1615821300,411,0
1615822200,428,0
1615823100,403,0
1615824000,274,0
1615824900,424,0
1615825800,425,0
1615826700,285,0
1615827600,383,0
1615828500,414,0
1615829400,411,0
1615830300,387,0
1615831200,277,0
1615832100,417,0
1615833000,420,0
1615833900,378,0
1615834800,295,0
1615835700,421,0
1615836600,413,0
1615837500,259,0
1615838400,423,2688
1615839300,423,6320
1615840200,423,6320
1615841100,434,6320
1615842000,1480,5536
1615842900,1489,4880
1615843800,1499,4800
1615844700,1511,4800
1615845600,595,1696
1615846500,419,0
1615847400,419,0
1615848300,420,0
1615849200,952,0
1615850100,1764,0
1615851000,2746,0
1615851900,2749,0
1615852800,2753,0
1615853700,2724,0
1615854600,2722,0
1615855500,2720,0
1615856400,3071,0
1615857300,3203,0
1615858200,2735,0
1615859100,2732,0
1615860000,2734,0
1615860900,2720,0
1615861800,2713,0
1615862700,2718,0
1615863600,2729,0
1615864500,2728,0
1615865400,1353,0
1615866300,412,0
1615867200,409,0
1615868100,404,0
1615869000,603,0
1615869900,643,0
1615870800,421,0
1615871700,422,6320
1615872600,247,6320
1615873500,420,6320
1615874400,417,6000
1615875300,245,4976
1615876200,419,4800
1615877100,420,4784
1615878000,243,4784
1615878900,424,4768
1615879800,422,4768
1615880700,247,4752
1615881600,427,4752
1615882500,245,4736
1615883400,419,4720
1615884300,246,4704
1615885200,430,1392
1615886100,424,0
1615887000,424,0
1615887900,246,0
1615888800,428,0
1615889700,428,0
1615890600,426,0
1615891500,425,0
1615892400,246,0
1615893300,426,0
1615894200,378,0
1615895100,286,0
1615896000,424,0
1615896900,247,0
1615897800,423,0
1615898700,281,0
1615899600,382,0
1615900500,412,0
1615901400,263,0
1615902300,429,0
1615903200,423,0
1615904100,253,0
1615905000,422,0
1615905900,419,0
1615906800,423,0
1615907700,431,0
1615908600,429,0
1615909500,236,0
1615910400,425,0
1615911300,426,0
1615912200,424,0
1615913100,230,0
1615914000,419,0
1615914900,416,0
1615915800,227,0
1615916700,409,0
1615917600,414,0
1615918500,221,0
1615919400,422,0
1615920300,224,0
1615921200,420,0
1615922100,238,0
1615923000,398,0
1615923900,208,0
1615924800,415,2944
1615925700,213,2928
1615926600,212,0
1615927500,343,0
1615928400,1337,2992
1615929300,1288,6320
1615930200,1441,6320
1615931100,1296,6320
1615932000,1382,5472
1615932900,1423,0
1615933800,202,0
1615934700,910,0
1615935600,1301,0
1615936500,1340,0
1615937400,2483,0
1615938300,2529,0
1615939200,2673,0
1615940100,2482,0
1615941000,2494,0
1615941900,2654,0
1615942800,2514,0
1615943700,2644,0
1615944600,3045,0
1615945500,2846,0
1615946400,2518,0
1615947300,2657,0
1615948200,2466,0
1615949100,2619,0
1615950000,2530,0
1615950900,2406,0
1615951800,1365,0
1615952700,1003,0
1615953600,277,0
1615954500,333,0
1615955400,347,0
1615956300,1003,0
1615957200,413,0
1615958100,216,6320
1615959000,415,6320
1615959900,214,6320
1615960800,416,6112
1615961700,413,5072
1615962600,215,4864
1615963500,415,4848
1615964400,290,4832
1615965300,335,4832
1615966200,324,4832
1615967100,303,4816
1615968000,354,4816
1615968900,276,4816
1615969800,357,4800
1615970700,264,4800
1615971600,357,1712
1615972500,266,0
1615973400,322,0
1615974300,298,0
1615975200,303,0
1615976100,323,0
1615977000,284,0
1615977900,339,0
1615978800,237,0
1615979700,387,0
1615980600,191,0
1615981500,426,0
1615982400,189,0
1615983300,423,0
1615984200,187,0
1615985100,421,0
1615986000,195,0
1615986900,365,0
1615987800,248,0
1615988700,331,0
1615989600,289,0
1615990500,291,0
1615991400,330,0
1615992300,256,0
1615993200,362,0
1615994100,219,0
1615995000,396,0
1615995900,188,0
1615996800,422,0
1615997700,189,0
1615998600,418,2976
1615999500,188,2944
1616000400,414,2944
1616001300,186,2928
1616002200,412,2928
1616003100,209,2896
1616004000,402,2896
1616004900,232,2880
1616005800,403,2880
1616006700,318,2864
1616007600,326,0
1616008500,273,0
1616009400,342,0
1616010300,245,0
1616011200,370,2992
1616012100,247,2976
1616013000,378,2976
1616013900,226,2944
1616014800,1465,2944
1616015700,1307,6320
1616016600,1450,6320
1616017500,1319,6112
1616018400,767,5072
1616019300,232,0
1616020200,378,0
1616021100,234,0
1616022000,379,0
1616022900,210,0
1616023800,1371,0
1616024700,1255,0
1616025600,1471,0
1616026500,1246,0
1616027400,1473,0
1616028300,1283,0
1616029200,2278,0
1616030100,1413,0
1616031000,1339,0
1616031900,1274,0
1616032800,1380,0
1616033700,1293,0
1616034600,1351,0
1616035500,1306,0
1616036400,1340,0
1616037300,1393,0
1616038200,632,0
1616039100,403,0
1616040000,186,0
1616040900,405,0
1616041800,768,0
1616042700,486,0
1616043600,263,0
1616044500,358,6320
1616045400,290,6320
1616046300,330,6320
1616047200,336,6208
1616048100,275,5168
1616049000,382,4928
1616049900,258,4896
1616050800,421,4896
1616051700,230,4880
1616052600,419,4880
1616053500,322,4880
1616054400,326,4864
1616055300,349,4864
1616056200,302,4864
1616057100,278,4848
1616058000,361,2032
1616058900,267,0
1616059800,373,0
1616060700,238,0
1616061600,391,0
1616062500,244,0
1616063400,388,0
1616064300,242,0
1616065200,392,0
1616066100,254,0
1616067000,383,0
1616067900,225,0
1616068800,407,0
1616069700,202,0
1616070600,432,2976
1616071500,204,2944
1616072400,433,2928
1616073300,207,2896
1616074200,374,0
1616075100,263,0
1616076000,330,0
1616076900,300,0
1616077800,271,0
1616078700,356,0
1616079600,218,0
1616080500,404,3040
1616081400,195,3008
1616082300,420,2992
1616083200,195,2960
1616084100,417,2960
1616085000,202,2928
1616085900,416,2944
1616086800,198,2912
1616087700,417,2928
1616088600,201,2896
1616089500,414,2912
1616090400,186,2896
1616091300,421,2896
1616092200,195,2880
1616093100,417,2896
1616094000,213,2880
1616094900,400,2880
1616095800,256,2864
1616096700,364,2880
1616097600,310,2864
1616098500,310,0
1616099400,331,0
1616100300,284,0
1616101200,1405,2992
1616102100,1351,6320
1616103000,1431,6320
1616103900,1346,6320
1616104800,1431,5504
1616105700,1164,0
1616106600,324,0
1616107500,273,0
1616108400,304,0
1616109300,284,0
1616110200,301,0
1616111100,1296,0
1616112000,1362,0
1616112900,1321,0
1616113800,1363,0
1616114700,1291,0
1616115600,1376,0
1616116500,1280,0
1616117400,1386,0
1616118300,1282,0
1616119200,1946,0
1616120100,1324,0
1616121000,1428,0
1616121900,1234,0
1616122800,1278,0
1616123700,174,0
1616124600,406,0
1616125500,175,0
1616126400,408,0
1616127300,182,0
1616128200,405,0
1616129100,976,0
1616130000,424,0
1616130900,194,6320
1616131800,430,6320
1616132700,191,6320
1616133600,405,6224
1616134500,206,5200
1616135400,381,4944
1616136300,234,4912
1616137200,369,4896
1616138100,248,4896
1616139000,422,4896
1616139900,202,4880
1616140800,349,4880
1616141700,280,4880
1616142600,269,4880
1616143500,361,4864
1616144400,263,2128
1616145300,377,0
1616146200,231,0
1616147100,431,0
1616148000,224,0
1616148900,420,0
1616149800,225,0
1616150700,416,0
1616151600,243,0
1616152500,436,0
1616153400,262,0
1616154300,411,0
1616155200,392,0
1616156100,278,0
1616157000,432,3072
1616157900,233,3040
1616158800,372,0
1616159700,278,0
1616160600,366,0
1616161500,278,0
1616162400,389,0
1616163300,252,0
1616164200,375,0
1616165100,246,0
1616166000,322,0
1616166900,302,0
1616167800,264,0
1616168700,357,0
1616169600,181,0
1616170500,311,0
1616171400,285,0
1616172300,207,0
1616173200,388,3392
1616174100,179,3360
1616175000,403,3360
1616175900,191,3328
1616176800,311,0
1616177700,285,0
1616178600,266,0
1616179500,332,3440
1616180400,215,3408
1616181300,302,0
1616182200,252,0
1616183100,193,0
1616184000,316,3504
1616184900,275,3488
1616185800,179,0
1616186700,345,3520
1616187600,1355,6320
1616188500,1284,6320
1616189400,1494,6320
1616190300,1192,5424
1616191200,1307,4960
1616192100,696,0
1616193000,306,0
1616193900,303,0
1616194800,279,0
1616195700,322,0
1616196600,189,0
1616197500,990,0
1616198400,1286,0
1616199300,1408,0
1616200200,1242,0
1616201100,1440,0
1616202000,1229,0
1616202900,2164,0
1616203800,1147,0
1616204700,1369,0
1616205600,1236,0
1616206500,1490,0
1616207400,629,0
1616208300,386,0
1616209200,205,0
1616210100,251,0
1616211000,150,0
1616211900,239,0
1616212800,338,0
1616213700,207,0
1616214600,377,0
1616215500,1258,0
1616216400,295,0
1616217300,138,6320
1616218200,415,6320
1616219100,197,6320
1616220000,367,6304
1616220900,237,5360
1616221800,326,5008
1616222700,264,4976
1616223600,260,4960
1616224500,188,4960
1616225400,421,4960
1616226300,202,4944
1616227200,418,4944
1616228100,200,4944
1616229000,416,4928
1616229900,234,4928
1616230800,311,2544
1616231700,157,0
1616232600,420,0
1616233500,308,0
1616234400,328,0
1616235300,261,0
1616236200,377,0
1616237100,225,0
1616238000,303,0
1616238900,125,0
1616239800,394,3552
1616240700,232,3520
1616241600,335,0
1616242500,282,0
1616243400,210,0
1616244300,406,3584
1616245200,117,3536
1616246100,317,0
1616247000,185,0
1616247900,432,3568
1616248800,186,3520
1616249700,404,3520
1616250600,204,3472
1616251500,280,0
1616252400,143,0
1616253300,285,0
1616254200,315,0
1616255100,252,0
1616256000,342,3616
1616256900,211,3584
1616257800,374,3584
1616258700,193,3552
1616259600,394,3552
1616260500,169,3520
1616261400,288,0
1616262300,136,0
1616263200,375,3600
1616264100,238,3568
1616265000,336,3584
1616265900,269,3552
1616266800,276,0
1616267700,321,3600
1616268600,176,3568
1616269500,264,0
1616270400,161,0
1616271300,311,3664
1616272200,294,6320
1616273100,272,3584
1616274000,1410,3584
1616274900,1358,6320
1616275800,1191,6320
1616276700,276,3040
1616277600,307,0
1616278500,265,0
1616279400,319,0
1616280300,213,0
1616281200,216,0
1616282100,221,0
1616283000,350,0
1616283900,204,0
1616284800,379,0
1616285700,430,0
1616286600,1490,0
1616287500,1547,0
1616288400,1884,0
1616289300,1233,0
1616290200,1170,0
1616291100,87,0
1616292000,356,0
1616292900,227,0
1616293800,297,0
1616294700,281,0
1616295600,227,0
1616296500,350,0
1616297400,80,0
1616298300,315,0
1616299200,153,0
1616300100,393,0
1616301000,700,0
1616301900,443,0
1616302800,206,0
1616303700,235,0
1616304600,175,0
1616305500,245,0
1616306400,335,0
1616307300,177,0
1616308200,397,0
1616309100,146,0
1616310000,382,0
1616310900,69,0
1616311800,277,0
1616312700,236,0
1616313600,314,0
1616314500,275,0
1616315400,280,0
1616316300,284,0
1616317200,88,0
1616318100,325,0
1616319000,163,0
1616319900,425,4944
1616320800,165,4880
1616321700,333,4848
1616322600,71,4768
1616323500,387,4752
1616324400,213,4672
1616325300,354,4656
1616326200,239,4576
1616327100,210,0
1616328000,219,0
1616328900,279,0
1616329800,344,4656
1616330700,215,4592
1616331600,334,4576
1616332500,51,4512
1616333400,425,4496
1616334300,181,4432
1616335200,420,4432
1616336100,200,4368
1616337000,295,4368
1616337900,100,4304
1616338800,395,4304
1616339700,223,4240
1616340600,429,4240
1616341500,181,4192
1616342400,294,4192
1616343300,114,4144
1616344200,401,4144
1616345100,191,4096
1616346000,407,4112
1616346900,168,4064
1616347800,360,4064
1616348700,43,4016
1616349600,405,4032
1616350500,183,3984
1616351400,339,4000
1616352300,252,3952
1616353200,291,3968
1616354100,203,3920
1616355000,136,0
1616355900,354,3984
1616356800,167,3936
1616357700,410,3936
1616358600,172,3904
1616359500,363,3904
1616360400,1193,6320
1616361300,1365,6048
1616362200,1361,5152
1616363100,1330,4992
1616364000,1458,4976
1616364900,1292,0
1616365800,1408,0
1616366700,1206,0
1616367600,1398,0
1616368500,1390,0
1616369400,1774,0
1616370300,1575,0
1616371200,1269,0
1616372100,1431,0
1616373000,1249,0
1616373900,1361,0
1616374800,1140,0
1616375700,1447,0
1616376600,1229,0
1616377500,1469,0
1616378400,1224,0
1616379300,735,0
1616380200,133,0
1616381100,1077,0
1616382000,193,0
1616382900,337,0
1616383800,209,0
1616384700,278,0
1616385600,266,0
1616386500,222,0
1616387400,317,0
1616388300,109,0
1616389200,252,0
1616390100,200,6320
1616391000,379,6320
1616391900,175,6320
1616392800,408,6320
1616393700,105,5472
1616394600,282,5056
1616395500,175,5008
1616396400,383,4992
1616397300,209,4992
1616398200,347,4992
1616399100,249,4976
1616400000,255,4976
1616400900,163,4976
1616401800,274,4960
1616402700,328,4960
1616403600,240,2768
1616404500,366,0
1616405400,147,0
1616406300,294,0
1616407200,142,0
1616408100,411,3648
1616409000,184,3616
1616409900,374,0
1616410800,228,0
1616411700,203,0
1616412600,223,0
1616413500,288,0
1616414400,324,0
1616415300,256,0
1616416200,344,0
1616417100,88,0
1616418000,323,0
1616418900,163,0
1616419800,418,3888
1616420700,180,3840
1616421600,353,3824
1616422500,93,3776
1616423400,312,0
1616424300,242,0
1616425200,334,3824
1616426100,270,3760
1616427000,427,3744
1616427900,169,3696
1616428800,301,0
1616429700,172,0
1616430600,394,3760
1616431500,219,3712
1616432400,383,3712
1616433300,222,3664
1616434200,388,3664
1616435100,38,3632
1616436000,367,3632
1616436900,166,3600
1616437800,418,3600
1616438700,158,3568
1616439600,377,3568
1616440500,38,3536
1616441400,356,3536
1616442300,172,3504
1616443200,312,3504
1616444100,245,3472
1616445000,282,3488
1616445900,283,6320
1616446800,1234,6224
1616447700,1298,5216
1616448600,1333,4960
1616449500,1350,4928
1616450400,229,2480
1616451300,330,0
1616452200,198,0
1616453100,236,0
1616454000,113,0
1616454900,391,0
1616455800,911,0
1616456700,1484,0
1616457600,1223,0
1616458500,1458,0
1616459400,1240,0
1616460300,1489,0
1616461200,1757,0
1616462100,1341,0
1616463000,1354,0
1616463900,1310,0
1616464800,1376,0
1616465700,1256,0
1616466600,1392,0
1616467500,1225,0
1616468400,476,0
1616469300,128,0
1616470200,371,0
1616471100,171,0
1616472000,374,0
1616472900,161,0
1616473800,1031,0
1616474700,136,0
1616475600,306,0
1616476500,78,6320
1616477400,390,6320
1616478300,191,6320
1616479200,360,6288
1616480100,210,5344
1616481000,334,5008
1616481900,125,4960
1616482800,234,4960
1616483700,277,4960
1616484600,254,4944
1616485500,128,4944
1616486400,128,4944
1616487300,68,4928
1616488200,3,4928
1616489100,129,4928
1616490000,129,2480
1616490900,130,0
1616491800,129,0
1616492700,88,0
1616493600,0,0
1616494500,107,0
1616495400,129,0
1616496300,128,0
1616497200,128,0
1616498100,110,0
1616499000,0,0
1616499900,83,0
1616500800,127,0
1616501700,129,0
1616502600,131,0
1616503500,129,0
1616504400,5,0
1616505300,65,0
1616506200,130,0
1616507100,130,0
1616508000,130,0
1616508900,131,0
1616509800,130,0
1616510700,54,0
1616511600,28,0
1616512500,129,0
1616513400,129,0
1616514300,128,0
1616515200,127,0
1616516100,126,0
1616517000,10,0
1616517900,66,0
1616518800,124,0
1616519700,124,0
1616520600,123,0
1616521500,125,0
1616522400,125,0
1616523300,114,0
1616524200,0,0
1616525100,77,0
1616526000,127,0
1616526900,124,0
1616527800,125,0
1616528700,128,0
1616529600,129,0
1616530500,178,4176
1616531400,338,6320
1616532300,436,6320
1616533200,1372,6320
1616534100,1447,5824
1616535000,1511,5088
1616535900,1322,4992
1616536800,1304,4976
1616537700,157,0
1616538600,299,0
1616539500,252,0
1616540400,377,0
1616541300,477,0
1616542200,1374,0
1616543100,1412,0
1616544000,1321,0
1616544900,1325,0
1616545800,1402,0
1616546700,1870,0
1616547600,1504,0
1616548500,1255,0
1616549400,1468,0
1616550300,1245,0
1616551200,1484,0
1616552100,1242,0
1616553000,1473,0
1616553900,1220,0
1616554800,1431,0
1616555700,542,0
1616556600,262,0
1616557500,184,0
1616558400,384,0
1616559300,190,0
1616560200,1012,0
1616561100,854,0
1616562000,383,0
1616562900,218,6320
1616563800,298,6320
1616564700,130,6320
1616565600,344,6320
1616566500,239,5504
1616567400,385,5072
1616568300,241,5008
1616569200,334,5008
1616570100,285,4992
1616571000,312,4992
1616571900,175,4992
1616572800,212,4992
1616573700,338,4976
1616574600,171,4976
1616575500,384,4976
1616576400,219,2832
1616577300,99,0
1616578200,312,0
1616579100,180,0
1616580000,319,0
1616580900,292,0
1616581800,201,0
1616582700,292,0
1616583600,98,0
1616584500,226,0
1616585400,373,0
1616586300,191,0
1616587200,329,0
1616588100,273,0
1616589000,158,0
1616589900,258,0
1616590800,233,0
1616591700,371,3808
1616592600,176,3728
1616593500,323,0
1616594400,64,0
1616595300,354,3728
1616596200,247,3648
1616597100,288,0
1616598000,269,0
1616598900,103,0
1616599800,345,3664
1616600700,165,3600
1616601600,423,3568
1616602500,160,3520
1616603400,381,3504
1616604300,131,3440
1616605200,231,0
1616606100,230,0
1616607000,315,3472
1616607900,254,3440
1616608800,294,3424
1616609700,290,3376
1616610600,261,0
1616611500,219,0
1616612400,156,0
1616613300,365,3456
1616614200,181,3424
1616615100,398,3424
1616616000,145,3376
1616616900,358,3376
1616617800,60,3344
1616618700,295,3344
1616619600,1311,6320
1616620500,1368,6320
1616621400,1206,5808
1616622300,244,2480
1616623200,250,0
1616624100,68,0
1616625000,371,0
1616625900,141,0
1616626800,379,0
1616627700,170,0
1616628600,334,0
1616629500,94,0
1616630400,1103,0
1616631300,1340,0
1616632200,1312,0
1616633100,1391,0
1616634000,1864,0
1616634900,1442,0
1616635800,1158,0
1616636700,1337,0
1616637600,1210,0
1616638500,1409,0
1616639400,346,0
1616640300,310,0
1616641200,241,0
1616642100,243,0
1616643000,196,0
1616643900,85,0
1616644800,361,0
1616645700,161,0
1616646600,1854,0
1616647500,1241,0
1616648400,292,0
1616649300,109,6320
1616650200,261,6320
1616651100,275,6320
1616652000,246,6272
1616652900,312,5312
1616653800,188,4992
1616654700,275,4960
1616655600,110,4944
1616656500,416,4944
1616657400,168,4928
1616658300,387,4928
1616659200,191,4912
1616660100,275,4912
1616661000,118,4912
1616661900,289,4896
1616662800,283,2336
1616663700,225,0
1616664600,336,0
1616665500,148,0
1616666400,249,0
1616667300,102,0
1616668200,379,3072
1616669100,171,3024
1616670000,331,0
1616670900,212,0
1616671800,150,0
1616672700,239,0
1616673600,225,0
1616674500,334,0
1616675400,180,0
1616676300,370,3040
1616677200,23,2992
1616678100,296,0
1616679000,164,0
1616679900,331,2976
1616680800,224,2912
1616681700,224,0
1616682600,156,0
1616683500,192,0
1616684400,349,2896
1616685300,153,2864
1616686200,403,2832
1616687100,126,2784
1616688000,173,0
1616688900,307,2768
1616689800,255,2736
1616690700,346,2720
1616691600,225,2688
1616692500,369,2672
1616693400,86,2640
1616694300,291,2624
1616695200,174,2608
1616696100,375,2608
1616697000,150,2576
1616697900,389,2576
1616698800,35,2560
1616699700,305,2560
1616700600,214,2528
1616701500,279,2528
1616702400,275,6320
1616703300,239,2448
1616704200,218,0
1616705100,79,0
1616706000,1439,2512
1616706900,1212,6320
1616707800,1415,6320
1616708700,905,6304
1616709600,225,1984
1616710500,166,0
1616711400,137,0
1616712300,354,0
1616713200,145,0
1616714100,354,0
1616715000,159,0
1616715900,179,0
1616716800,258,0
1616717700,1340,0
1616718600,1507,0
1616719500,2026,0
1616720400,1421,0
1616721300,1127,0
1616722200,1407,0
1616723100,1224,0
1616724000,1442,0
1616724900,406,0
1616725800,311,0
1616726700,191,0
1616727600,136,0
1616728500,285,0
1616729400,218,0
1616730300,335,0
1616731200,176,0
1616732100,367,0
1616733000,1057,0
1616733900,1799,0
1616734800,76,0
1616735700,340,6320
1616736600,208,6320
1616737500,302,6320
1616738400,239,6096
1616739300,233,5056
1616740200,158,4864
1616741100,262,4832
1616742000,309,4832
1616742900,223,4816
1616743800,355,4816
1616744700,162,4800
1616745600,279,4800
1616746500,43,4784
1616747400,361,4784
1616748300,174,4768
1616749200,316,1584
1616750100,204,0
1616751000,139,0
1616751900,206,0
1616752800,226,0
1616753700,289,0
1616754600,192,0
1616755500,233,0
1616756400,42,0
1616757300,345,2160
1616758200,131,2144
1616759100,351,2112
1616760000,120,2080
1616760900,175,0
1616761800,202,0
1616762700,270,0
1616763600,258,0
1616764500,219,0
1616765400,252,0
1616766300,14,0
1616767200,330,2080
1616768100,126,2064
1616769000,335,2032
1616769900,127,2000
1616770800,238,0
1616771700,37,0
1616772600,351,1984
1616773500,126,1968
1616774400,357,1936
1616775300,116,1920
1616776200,227,0
1616777100,70,0
1616778000,332,1920
1616778900,123,1904
1616779800,339,1888
1616780700,130,1872
1616781600,224,0
1616782500,58,0
1616783400,316,1904
1616784300,167,1904
1616785200,295,1888
1616786100,179,1872
1616787000,153,0
1616787900,155,0
1616788800,266,1920
1616789700,231,6320
1616790600,214,1840
1616791500,247,1840
1616792400,1146,6320
1616793300,1342,6320
1616794200,1272,6000
1616795100,1403,4816
1616796000,1269,4608
1616796900,343,0
1616797800,11,0
1616798700,312,0
1616799600,127,0
1616800500,348,0
1616801400,127,0
1616802300,337,0
1616803200,1096,0
1616804100,1393,0
1616805000,1224,0
1616805900,1404,0
1616806800,1248,0
1616807700,2008,0
1616808600,1203,0
1616809500,1246,0
1616810400,1259,0
1616811300,566,0
1616812200,220,0
1616813100,250,0
1616814000,227,0
1616814900,100,0
1616815800,231,0
1616816700,190,0
1616817600,309,0
1616818500,147,0
1616819400,546,0
1616820300,1377,0
1616821200,233,0
1616822100,76,6320
1616823000,339,6320
1616823900,193,6320
1616824800,301,5840
1616825700,209,4800
1616826600,114,4656
1616827500,278,4624
1616828400,187,4608
1616829300,380,4608
1616830200,140,4592
1616831100,345,4576
1616832000,131,4560
1616832900,177,4544
1616833800,231,4544
1616834700,257,4528
1616835600,274,896
1616836500,205,0
1616837400,184,0
1616838300,123,0
1616839200,363,1312
1616840100,144,1312
1616841000,367,1296
1616841900,132,1312
1616842800,202,0
1616843700,196,0
1616844600,268,0
1616845500,304,0
1616846400,209,0
1616847300,301,0
1616848200,16,0
1616849100,382,1440
1616850000,196,1440
1616850900,293,0
1616851800,293,0
1616852700,131,0
1616853600,249,0
1616854500,171,0
1616855400,385,1472
1616856300,143,1472
1616857200,298,1456
1616858100,90,1456
1616859000,271,1440
1616859900,277,6320
1616860800,228,1360
1616861700,325,1360
1616862600,168,1360
1616863500,244,0
1616864400,105,0
1616865300,389,1408
1616866200,157,1408
1616867100,366,1408
1616868000,195,1424
1616868900,293,1424
1616869800,128,1424
1616870700,212,0
1616871600,301,1456
1616872500,168,1472
1616873400,344,1472
1616874300,121,1472
1616875200,227,0
1616876100,85,0
1616877000,335,1536
1616877900,156,1536
1616878800,1414,1536
1616879700,1237,6320
1616880600,1265,6320
1616881500,1268,6288
1616882400,1374,5056
1616883300,865,0
1616884200,239,0
1616885100,211,0
1616886000,84,0
1616886900,264,0
1616887800,229,0
1616888700,1371,0
1616889600,1239,0
1616890500,1379,0
1616891400,1164,0
1616892300,1272,0
1616893200,1207,0
1616894100,1407,0
1616895000,1184,0
1616895900,1881,0
1616896800,1318,0
1616897700,1384,0
1616898600,78,0
1616899500,358,0
1616900400,151,0
1616901300,345,0
1616902200,171,0
1616903100,350,0
1616904000,147,0
1616904900,190,0
1616905800,262,0
1616906700,273,0
1616907600,316,0
1616908500,222,6320
1616909400,310,6320
1616910300,38,6320
1616911200,381,5776
1616912100,220,4752
1616913000,305,4608
1616913900,269,4592
1616914800,197,4576
1616915700,245,4560
1616916600,195,4544
1616917500,385,4528
1616918400,208,4512
1616919300,299,4512
1616920200,272,4496
1616921100,139,4480
1616922000,239,768
1616922900,146,0
1616923800,389,1120
1616924700,163,1120
1616925600,332,0
1616926500,180,0
1616927400,238,0
1616928300,3,0
1616929200,130,0
1616930100,130,0
1616931000,309,0
1616931900,139,0
1616932800,169,0
1616933700,112,0
1616934600,259,0
1616935500,215,0
1616936400,193,0
1616937300,259,0
1616938200,59,0
1616939100,241,0
1616940000,205,0
1616940900,282,1280
1616941800,256,1280
1616942700,175,0
1616943600,169,0
1616944500,204,0
1616945400,349,1264
1616946300,147,1264
1616947200,369,1248
1616948100,128,1248
1616949000,295,1216
1616949900,51,1232
1616950800,311,1216
1616951700,219,1216
1616952600,279,1216
1616953500,249,6320
1616954400,183,1136
1616955300,220,0
1616956200,96,0
1616957100,359,1200
1616958000,187,1200
1616958900,266,1200
1616959800,261,6320
1616960700,67,1136
1616961600,1354,1136
1616962500,1241,6320
1616963400,1435,6320
1616964300,1241,6096
1616965200,1473,4736
1616966100,1214,4432
1616967000,1317,4384
1616967900,1300,4368
1616968800,1424,4368
1616969700,1350,0
1616970600,978,0
1616971500,616,0
1616972400,1151,0
1616973300,1338,0
1616974200,1214,0
1616975100,1392,0
1616976000,1272,0
1616976900,1337,0
1616977800,1330,0
1616978700,1296,0
1616979600,1232,0
1616980500,207,0
1616981400,330,0
1616982300,879,0
1616983200,423,0
1616984100,149,0
1616985000,386,0
1616985900,9,0
1616986800,327,0
1616987700,150,0
1616988600,368,0
1616989500,166,0
1616990400,347,0
1616991300,198,0
1616992200,236,0
1616993100,123,0
1616994000,218,0
1616994900,293,6320
1616995800,194,6320
1616996700,327,6320
1616997600,147,5584
1616998500,329,4592
1616999400,89,4464
1617000300,212,4448
1617001200,167,4432
1617002100,299,4416
1617003000,220,4400
1617003900,256,4400
1617004800,261,4384
1617005700,224,4368
1617006600,209,4352
1617007500,91,4336
1617008400,293,400
1617009300,153,0
1617010200,330,0
1617011100,129,0
1617012000,331,0
1617012900,11,0
1617013800,254,0
1617014700,128,0
1617015600,330,624
1617016500,128,640
1617017400,335,608
1617018300,123,624
1617019200,203,0
1617020100,101,0
1617021000,323,0
1617021900,161,0
1617022800,312,592
1617023700,146,608
1617024600,176,0
1617025500,143,0
1617026400,298,576
1617027300,184,592
1617028200,286,544
1617029100,245,560
1617030000,166,0
1617030900,172,0
1617031800,210,0
1617032700,322,528
1617033600,168,544
1617034500,371,512
1617035400,133,544
1617036300,258,512
1617037200,59,528
1617038100,364,512
1617039000,171,528
1617039900,333,512
1617040800,202,528
1617041700,256,528
1617042600,116,544
1617043500,267,544
1617044400,277,6320
1617045300,228,480
1617046200,315,0
1617047100,134,0
1617048000,1306,512
1617048900,1250,6320
1617049800,1289,6320
1617050700,126,368
1617051600,352,0
1617052500,133,0
1617053400,220,0
1617054300,123,0
1617055200,248,0
1617056100,283,0
1617057000,177,0
1617057900,350,0
1617058800,667,0
1617059700,1374,0
1617060600,1212,0
1617061500,2209,0
1617062400,1225,0
1617063300,1400,0
1617064200,1254,0
1617065100,1326,0
1617066000,650,0
1617066900,245,0
1617067800,255,0
1617068700,224,0
1617069600,293,0
1617070500,193,0
1617071400,228,0
1617072300,68,0
1617073200,339,0
1617074100,123,0
1617075000,455,0
1617075900,595,0
1617076800,341,0
1617077700,38,0
1617078600,260,0
1617079500,207,0
1617080400,272,0
1617081300,253,6320
1617082200,230,6320
1617083100,260,6320
1617084000,40,5504
1617084900,324,4512
1617085800,128,4400
1617086700,366,4368
1617087600,193,4352
1617088500,345,4352
1617089400,142,4336
1617090300,359,4320
1617091200,263,4304
1617092100,407,4304
1617093000,158,4288
1617093900,383,4272
1617094800,195,192
1617095700,193,0
1617096600,249,0
1617097500,235,0
1617098400,357,304
1617099300,167,320
1617100200,289,0
1617101100,118,0
1617102000,298,0
1617102900,263,0
1617103800,250,0
1617104700,264,0
1617105600,50,0
1617106500,344,0
1617107400,131,0
1617108300,362,288
1617109200,137,320
1617110100,257,0
1617111000,62,0
1617111900,315,256
1617112800,217,288
1617113700,273,240
1617114600,253,272
1617115500,156,0
1617116400,218,0
1617117300,193,0
1617118200,390,208
1617119100,133,240
1617120000,371,208
1617120900,79,240
1617121800,224,0
1617122700,225,0
1617123600,264,208
1617124500,274,6320
1617125400,223,160
1617126300,256,144
1617127200,66,176
1617128100,330,0
1617129000,158,0
1617129900,378,176
1617130800,127,208
1617131700,281,208
1617132600,31,240
1617133500,346,224
1617134400,1257,6320
1617135300,1417,6320
1617136200,1284,5728
1617137100,1311,1408
1617138000,212,0
1617138900,200,0
1617139800,310,0
1617140700,159,0
1617141600,353,0
1617142500,41,0
1617143400,244,0
1617144300,127,0
1617145200,648,0
1617146100,1220,0
1617147000,1440,0
1617147900,1202,0
1617148800,1897,0
1617149700,1271,0
1617150600,1403,0
1617151500,1261,0
1617152400,995,0
1617153300,197,0
1617154200,199,0
1617155100,109,0
1617156000,256,0
1617156900,248,0
1617157800,471,0
1617158700,1315,0
1617159600,1267,0
1617160500,1261,0
1617161400,569,0
1617162300,716,0
1617163200,210,0
1617164100,287,0
1617165000,194,0
1617165900,291,0
1617166800,68,0
1617167700,180,6320
1617168600,123,6320
1617169500,123,6320
1617170400,124,5344
1617171300,124,4416
1617172200,68,4304
1617173100,0,4272
1617174000,114,4272
1617174900,124,4256
1617175800,126,4256
1617176700,126,4240
1617177600,46,4224
1617178500,10,4224
1617179400,128,3360
1617180300,128,1440
1617181200,129,0
1617182100,117,0
1617183000,0,0
1617183900,72,0
1617184800,132,0
1617185700,132,0
1617186600,130,0
1617187500,19,0
1617188400,44,0
1617189300,129,0
1617190200,128,0
1617191100,127,0
1617192000,83,0
1617192900,0,0
1617193800,119,0
1617194700,126,0
1617195600,127,0
1617196500,129,0
1617197400,44,0
1617198300,16,0
1617199200,129,0
1617200100,127,0
1617201000,129,0
1617201900,92,0
1617202800,0,0
1617203700,101,0
1617204600,125,0
1617205500,125,0
1617206400,125,0
1617207300,108,0
1617208200,0,0
1617209100,79,0
1617210000,125,0
1617210900,125,0
1617211800,123,0
1617212700,122,0
1617213600,76,0
1617214500,0,0
1617215400,108,0
1617216300,171,32
1617217200,291,5984
1617218100,198,960
1617219000,390,624
1617219900,305,544
1617220800,1480,240
1617221700,1506,0
1617222600,1356,0
1617223500,425,0
1617224400,221,0
1617225300,299,0
1617226200,373,0
1617227100,310,0
